-- phpMyAdmin SQL Dump
-- version 5.0.4
-- https://www.phpmyadmin.net/
--
-- Servidor: localhost:3306
-- Tiempo de generación: 04-05-2021 a las 15:14:51
-- Versión del servidor: 5.7.24
-- Versión de PHP: 7.4.11

SET FOREIGN_KEY_CHECKS=0;
SET SQL_MODE = "NO_AUTO_VALUE_ON_ZERO";
START TRANSACTION;
SET time_zone = "+00:00";

--
-- Base de datos: `unicef`
--

--
-- Volcado de datos para la tabla `beneficiarios`
--

INSERT INTO `beneficiarios` (`id`, `name`, `epsa`, `autoriza`, `protec`, `dir`, `coord`, `nivel`, `status`, `distritos_id`, `entidades_id`, `rutas_id`, `created_at`, `updated_at`, `deleted_at`, `created_by`, `updated_by`, `deleted_by`, `manzano`, `lote`, `safsi`, `nfamilias`, `npersonas`, `c_gob_municipal`, `c_gob_municipal_p`, `c_ong`, `c_ong_p`, `c_familias`, `c_familias_p`, `c_otra`, `c_otra_p`, `dpto_id`, `municipio_id`, `zona_id`, `descom_id`, `epsa_id`, `tipo_bano_id`) VALUES
(1, 'Juan Perez', 54642, '1', NULL, 'Aqui', 0x00000000010100000013523abd955231c01500009430a34fc0, '0', '1', 1, 1, NULL, '2021-04-16 16:47:07', '2021-04-22 18:01:45', '2021-04-22 18:01:45', NULL, NULL, NULL, NULL, NULL, NULL, 1, 1, NULL, NULL, NULL, NULL, NULL, NULL, NULL, NULL, NULL, NULL, NULL, NULL, NULL, NULL),
(2, 'Maria', 889, '1', NULL, 'Hik', NULL, '0', '1', 1, 1, 2, '2021-04-21 17:12:40', '2021-04-22 11:25:09', '2021-04-22 11:25:09', NULL, NULL, NULL, NULL, NULL, NULL, 1, 1, NULL, NULL, NULL, NULL, NULL, NULL, NULL, NULL, NULL, NULL, NULL, NULL, NULL, NULL),
(3, 'Juanito', 555, '1', NULL, 'Montr', NULL, '0', '1', 1, 1, NULL, '2021-04-21 18:25:48', '2021-04-22 11:25:05', '2021-04-22 11:25:05', NULL, NULL, NULL, NULL, NULL, NULL, 1, 1, NULL, NULL, NULL, NULL, NULL, NULL, NULL, NULL, NULL, NULL, NULL, NULL, NULL, NULL),
(4, 'Tito Dávila Martínez', 50326, '1', '1', 'B/ Monte Cruz', 0x00000000010100000008bfda09e65931c03c1249f876a34fc0, '0', '1', 2, 2, 1, '2021-04-22 17:11:21', '2021-05-01 23:45:01', NULL, NULL, 3, NULL, NULL, NULL, NULL, 1, 1, '12.00', NULL, '12.00', NULL, '12.00', NULL, '12.00', NULL, NULL, NULL, NULL, NULL, NULL, NULL),
(5, 'Ramon Ortuste', 50329, '1', NULL, 'B/ Monte Cruz', 0x000000000101000000007fac03eb5931c0cdac553882a34fc0, '0', '1', 2, 2, 1, '2021-04-22 17:56:56', '2021-04-28 20:00:10', NULL, NULL, NULL, NULL, NULL, NULL, NULL, 1, 1, NULL, NULL, NULL, NULL, NULL, NULL, NULL, NULL, NULL, NULL, NULL, NULL, NULL, NULL),
(6, 'Santa Lorenzo Melgar', 50327, NULL, NULL, 'B/ Monte Cruz', 0x000000000101000000632956bd015a31c0df3726ca86a34fc0, '0', '1', 2, 2, NULL, '2021-04-22 18:00:29', '2021-04-28 20:02:30', NULL, NULL, NULL, NULL, NULL, NULL, NULL, 1, 1, NULL, NULL, NULL, NULL, NULL, NULL, NULL, NULL, NULL, NULL, NULL, NULL, NULL, NULL),
(7, 'Maria Justina Llanque de Ortiz', 50293, NULL, NULL, 'B/ Monte cruz', 0x00000000010100000047d91f1d1f5a31c0d0aaf9aea2a34fc0, '0', '1', 2, 2, NULL, '2021-04-22 18:09:02', '2021-04-28 20:03:57', NULL, NULL, NULL, NULL, NULL, NULL, NULL, 1, 1, NULL, NULL, NULL, NULL, NULL, NULL, NULL, NULL, NULL, NULL, NULL, NULL, NULL, NULL),
(8, 'Miguelina Jimenez de Agreda', 50294, NULL, NULL, 'B/ Monte Cruz', 0x000000000101000000d5a12b90245a31c04e824202a6a34fc0, '0', '1', 2, 2, NULL, '2021-04-22 18:15:25', '2021-05-01 23:04:32', NULL, NULL, 3, NULL, NULL, '12', NULL, 1, 1, '12.00', NULL, NULL, NULL, NULL, NULL, NULL, NULL, NULL, NULL, NULL, NULL, NULL, NULL),
(9, 'Alberto Carmona', 50680, NULL, NULL, 'B/ Monte cruz', 0x0000000001010000007f1533e8285a31c055789e9b7ea34fc0, '0', '1', 3, 2, NULL, '2021-04-22 18:16:40', '2021-04-28 20:05:28', NULL, NULL, NULL, NULL, NULL, NULL, NULL, 1, 1, NULL, NULL, NULL, NULL, NULL, NULL, NULL, NULL, NULL, NULL, NULL, NULL, NULL, NULL),
(10, 'Antonio Campos Vedia', 50345, NULL, NULL, 'B/ Monte cruz', 0x0000000001010000004ccbd079255a31c0834541187da34fc0, '0', '1', 2, 2, NULL, '2021-04-22 18:20:47', '2021-04-28 20:06:25', NULL, NULL, NULL, NULL, NULL, NULL, NULL, 1, 1, NULL, NULL, NULL, NULL, NULL, NULL, NULL, NULL, NULL, NULL, NULL, NULL, NULL, NULL),
(11, 'Panfilo Dominguez Ayllon', 50355, NULL, NULL, 'B/ Monte cruz', 0x0000000001010000008b18145f1d5a31c0f375df5573a34fc0, '0', '1', 2, 2, NULL, '2021-04-22 18:21:42', '2021-04-28 20:07:07', NULL, NULL, NULL, NULL, NULL, NULL, NULL, 1, 1, NULL, NULL, NULL, NULL, NULL, NULL, NULL, NULL, NULL, NULL, NULL, NULL, NULL, NULL),
(12, 'Adalid Camacho', 50352, NULL, NULL, 'B/Monte Cruz', 0x000000000101000000d2c83bf2155a31c0034285f96fa34fc0, '0', '1', 2, 2, NULL, '2021-04-22 18:23:21', '2021-04-28 20:08:14', NULL, NULL, NULL, NULL, NULL, NULL, NULL, 1, 1, NULL, NULL, NULL, NULL, NULL, NULL, NULL, NULL, NULL, NULL, NULL, NULL, NULL, NULL),
(13, 'Martha Vasquez Incata', 51440, NULL, NULL, 'B/Monte Cruz', 0x0000000001010000001462b25c1a5a31c08079cb755fa34fc0, '0', '1', 2, 2, NULL, '2021-04-22 18:24:32', '2021-04-28 20:08:54', NULL, NULL, NULL, NULL, NULL, NULL, NULL, 1, 1, NULL, NULL, NULL, NULL, NULL, NULL, NULL, NULL, NULL, NULL, NULL, NULL, NULL, NULL),
(14, 'Susana Alvarez Soliz', 51440, NULL, NULL, 'B/Nuevo Amanecer', 0x000000000101000000e30dc2dc565a31c0b91f380dcca34fc0, '0', '1', 2, 1, NULL, '2021-04-22 18:25:52', '2021-04-28 20:09:56', NULL, NULL, NULL, NULL, NULL, NULL, NULL, 1, 1, NULL, NULL, NULL, NULL, NULL, NULL, NULL, NULL, NULL, NULL, NULL, NULL, NULL, NULL),
(15, 'Sonia Cortez Copa', 51441, '1', NULL, 'B/Nuevo Amanecer', 0x000000000101000000f947a8ca7c5a31c00892785ce3a34fc0, '0', '1', 2, 1, 1, '2021-04-22 18:27:29', '2021-04-28 20:10:33', NULL, NULL, NULL, NULL, NULL, NULL, NULL, 1, 1, NULL, NULL, NULL, NULL, NULL, NULL, NULL, NULL, NULL, NULL, NULL, NULL, NULL, NULL),
(16, 'Norma Romero (Basilia Rios)', 50901, '1', NULL, 'B/Nuevo Amanecer', 0x00000000010100000040375a2f7b5a31c06b90487de4a34fc0, '0', '1', 2, 1, 1, '2021-04-22 18:30:44', '2021-04-28 20:11:20', NULL, NULL, NULL, NULL, NULL, NULL, NULL, 1, 1, NULL, NULL, NULL, NULL, NULL, NULL, NULL, NULL, NULL, NULL, NULL, NULL, NULL, NULL),
(17, 'Gregoria Rios Tarifa', 51680, '1', NULL, 'B/Nuevo Amanecer', 0x00000000010100000011bfa96a885a31c0cf058e7cfda34fc0, '0', '1', 2, 1, 1, '2021-04-22 18:31:36', '2021-04-28 20:12:04', NULL, NULL, NULL, NULL, NULL, NULL, NULL, 1, 1, NULL, NULL, NULL, NULL, NULL, NULL, NULL, NULL, NULL, NULL, NULL, NULL, NULL, NULL),
(18, 'Barbosa Salvatierra (Dalcy Pantoja)', 51920, '1', NULL, 'B/Nuevo Amanecer', 0x00000000010100000049018a2da35a31c07d787a66e5a34fc0, '0', '1', 2, 1, 1, '2021-04-22 18:33:22', '2021-04-28 20:12:49', NULL, NULL, NULL, NULL, NULL, NULL, NULL, 1, 1, NULL, NULL, NULL, NULL, NULL, NULL, NULL, NULL, NULL, NULL, NULL, NULL, NULL, NULL),
(19, 'Remigio Quispe', 51452, '1', NULL, 'B/Nuevo Amanecer', 0x00000000010100000070735742835a31c0fb2447f1c8a34fc0, '0', '1', 2, 1, 1, '2021-04-22 18:35:11', '2021-04-28 20:13:49', NULL, NULL, NULL, NULL, NULL, NULL, NULL, 1, 1, NULL, NULL, NULL, NULL, NULL, NULL, NULL, NULL, NULL, NULL, NULL, NULL, NULL, NULL),
(20, 'Ramon Fernandez Maximo', 51437, NULL, NULL, 'B/Nuevo Amanecer', 0x000000000101000000a017a5c5775a31c0c4665ba8c2a34fc0, '0', '1', 2, 1, NULL, '2021-04-22 18:36:05', '2021-04-28 20:14:25', NULL, NULL, NULL, NULL, NULL, NULL, NULL, 1, 1, NULL, NULL, NULL, NULL, NULL, NULL, NULL, NULL, NULL, NULL, NULL, NULL, NULL, NULL),
(21, 'Felix Aguirre', 51497, NULL, NULL, 'B/Nuevo Amanecer', 0x0000000001010000001d052a4a6c5a31c05a9b4f24bea34fc0, '0', '1', 2, 2, NULL, '2021-04-22 18:37:19', '2021-04-28 20:15:00', NULL, NULL, NULL, NULL, NULL, NULL, NULL, 1, 1, NULL, NULL, NULL, NULL, NULL, NULL, NULL, NULL, NULL, NULL, NULL, NULL, NULL, NULL),
(22, 'Griselda Orellay', 51518, '1', NULL, 'B/Nuevo Amanecer', 0x0000000001010000002de98cf4a55a31c0f8d63d49dca34fc0, '0', '1', 2, 1, 1, '2021-04-22 18:38:09', '2021-04-28 20:15:44', NULL, NULL, NULL, NULL, NULL, NULL, NULL, 1, 1, NULL, NULL, NULL, NULL, NULL, NULL, NULL, NULL, NULL, NULL, NULL, NULL, NULL, NULL),
(23, 'Raquel Farfan', 51493, '1', NULL, 'B/Nuevo Amanecer', 0x0000000001010000008ed6c5c6a95a31c0fa4e7a3ad7a34fc0, '0', '1', 2, 1, 1, '2021-04-22 18:39:18', '2021-04-28 20:16:25', NULL, NULL, NULL, NULL, NULL, NULL, NULL, 1, 1, NULL, NULL, NULL, NULL, NULL, NULL, NULL, NULL, NULL, NULL, NULL, NULL, NULL, NULL),
(24, 'Damián Cerón (Maria Luz Soliz Claros)', 51520, '1', NULL, 'B/Nuevo Amanecer', 0x0000000001010000001a8e87039b5a31c0b5934bf9d5a34fc0, '0', '1', 2, 1, 1, '2021-04-22 18:40:47', '2021-04-28 20:17:13', NULL, NULL, NULL, NULL, NULL, NULL, NULL, 1, 1, NULL, NULL, NULL, NULL, NULL, NULL, NULL, NULL, NULL, NULL, NULL, NULL, NULL, NULL),
(25, 'Polonia Farfan', 51445, NULL, NULL, 'B/Nuevo Amanecer', 0x000000000101000000ac11b0ada35a31c02a947503c2a34fc0, '0', '1', 2, 1, NULL, '2021-04-22 18:41:43', '2021-04-28 20:17:54', NULL, NULL, NULL, NULL, NULL, NULL, NULL, 1, 1, NULL, NULL, NULL, NULL, NULL, NULL, NULL, NULL, NULL, NULL, NULL, NULL, NULL, NULL),
(26, 'Daniel Dias Aguayo', 51339, '1', NULL, 'B/Nuevo Amanecer', 0x000000000101000000fb4ebaffc45a31c02d20a78cbca34fc0, '0', '1', 2, 1, 1, '2021-04-22 18:43:47', '2021-04-28 20:18:33', NULL, NULL, NULL, NULL, NULL, NULL, NULL, 1, 1, NULL, NULL, NULL, NULL, NULL, NULL, NULL, NULL, NULL, NULL, NULL, NULL, NULL, NULL),
(27, 'Alexander Considerant Impa', 51474, '1', NULL, 'B/Nuevo Amanecer', 0x000000000101000000d3a21fc9f95a31c099bf2affc7a34fc0, '0', '1', 2, 1, 1, '2021-04-22 18:44:41', '2021-04-28 20:19:07', NULL, NULL, NULL, NULL, NULL, NULL, NULL, 1, 1, NULL, NULL, NULL, NULL, NULL, NULL, NULL, NULL, NULL, NULL, NULL, NULL, NULL, NULL),
(28, 'Ines Margarita Cruz Sucumvi', 51341, NULL, NULL, 'B/Nuevo Amanecer', 0x000000000101000000657e949aed5a31c0828bd71eaba34fc0, '0', '1', 2, 1, NULL, '2021-04-22 18:45:18', '2021-04-28 20:19:38', NULL, NULL, NULL, NULL, NULL, NULL, NULL, 1, 1, NULL, NULL, NULL, NULL, NULL, NULL, NULL, NULL, NULL, NULL, NULL, NULL, NULL, NULL),
(29, 'Ramon Cayo Tapia', 51571, '1', NULL, 'B/Nuevo Amanecer', 0x000000000101000000a3c93a3c2c5b31c00945e297d2a34fc0, '0', '1', 2, 1, 1, '2021-04-22 18:46:00', '2021-04-28 20:20:31', NULL, NULL, NULL, NULL, NULL, NULL, NULL, 1, 1, NULL, NULL, NULL, NULL, NULL, NULL, NULL, NULL, NULL, NULL, NULL, NULL, NULL, NULL),
(30, 'Cleto Arancibia', 51550, NULL, NULL, 'B/Nuevo Amanecer', 0x000000000101000000e9311676645b31c06320c5b9baa34fc0, '0', '1', 2, 1, NULL, '2021-04-22 18:47:03', '2021-04-28 20:21:09', NULL, NULL, NULL, NULL, NULL, NULL, NULL, 1, 1, NULL, NULL, NULL, NULL, NULL, NULL, NULL, NULL, NULL, NULL, NULL, NULL, NULL, NULL),
(31, 'Pedro mamani akapari (Marcelina Silva)', 51531, '1', NULL, 'B/Nuevo Amanecer', 0x000000000101000000ed42a827675b31c0a605350eb5a34fc0, '0', '1', 2, 1, 1, '2021-04-22 18:47:42', '2021-04-28 20:21:52', NULL, NULL, NULL, NULL, NULL, NULL, NULL, 1, 1, NULL, NULL, NULL, NULL, NULL, NULL, NULL, NULL, NULL, NULL, NULL, NULL, NULL, NULL),
(32, 'Silvia Isabel Chura Cruz', 51506, '1', NULL, 'B/Nuevo Amanecer', 0x0000000001010000008c02de47485b31c043ec5517b3a34fc0, '0', '1', 2, 1, 1, '2021-04-22 18:49:25', '2021-04-28 20:22:28', NULL, NULL, NULL, NULL, NULL, NULL, NULL, 1, 1, NULL, NULL, NULL, NULL, NULL, NULL, NULL, NULL, NULL, NULL, NULL, NULL, NULL, NULL),
(33, 'Felicia Quispe Soria', 51216, '1', NULL, 'B/Nuevo Amanecer', 0x000000000101000000b5315fd4435b31c083f9e26aa0a34fc0, '0', '1', 2, 1, 1, '2021-04-22 18:50:14', '2021-04-28 20:23:09', NULL, NULL, NULL, NULL, NULL, NULL, NULL, 1, 1, NULL, NULL, NULL, NULL, NULL, NULL, NULL, NULL, NULL, NULL, NULL, NULL, NULL, NULL),
(34, 'Rolando Rodriguez Zegarra', 51204, NULL, NULL, 'B/Nuevo Amanecer', 0x000000000101000000d52697fa415b31c01f1ebad69aa34fc0, '0', '1', 2, 1, NULL, '2021-04-22 18:51:24', '2021-04-28 20:24:04', NULL, NULL, NULL, NULL, NULL, NULL, NULL, 1, 1, NULL, NULL, NULL, NULL, NULL, NULL, NULL, NULL, NULL, NULL, NULL, NULL, NULL, NULL),
(35, 'Roly Rodríguez Vidal (Severino Rodríguez)', 51203, '1', NULL, 'B/Nuevo Amanecer', 0x000000000101000000f3ec6e8b385b31c029ae2d6795a34fc0, '0', '1', 2, 1, 1, '2021-04-22 18:53:13', '2021-04-28 20:24:41', NULL, NULL, NULL, NULL, NULL, NULL, NULL, 1, 1, NULL, NULL, NULL, NULL, NULL, NULL, NULL, NULL, NULL, NULL, NULL, NULL, NULL, NULL),
(36, 'Julio Edil Laime', 51223, NULL, NULL, 'B/Nuevo Amanecer', 0x000000000101000000b35a72c1365b31c0f8b37fb592a34fc0, '0', '1', 2, 1, NULL, '2021-04-22 18:54:44', '2021-04-28 20:25:21', NULL, NULL, NULL, NULL, NULL, NULL, NULL, 1, 1, NULL, NULL, NULL, NULL, NULL, NULL, NULL, NULL, NULL, NULL, NULL, NULL, NULL, NULL),
(37, 'Juan Carlos Vela', 51403, NULL, NULL, 'B/Nuevo Amanecer', NULL, '0', '1', 2, 1, 1, '2021-04-22 18:55:26', '2021-04-22 19:00:59', '2021-04-22 19:00:59', NULL, NULL, NULL, NULL, NULL, NULL, 1, 1, NULL, NULL, NULL, NULL, NULL, NULL, NULL, NULL, NULL, NULL, NULL, NULL, NULL, NULL),
(38, 'Juan Carlos Vela', 51403, NULL, NULL, 'B/Nuevo Amanecer', 0x0000000001010000009d2642782b5b31c07ffc762189a34fc0, '0', '1', 2, 1, NULL, '2021-04-22 19:05:48', '2021-04-28 20:25:51', NULL, NULL, NULL, NULL, NULL, NULL, NULL, 1, 1, NULL, NULL, NULL, NULL, NULL, NULL, NULL, NULL, NULL, NULL, NULL, NULL, NULL, NULL),
(39, 'Gualberto Flores Limache', 51414, NULL, NULL, 'B/Nuevo Amanecer', 0x0000000001010000001e753e0f455a31c01f4efe7084a34fc0, '0', '1', 2, 1, NULL, '2021-04-22 19:08:41', '2021-04-28 20:26:30', NULL, NULL, NULL, NULL, NULL, NULL, NULL, 1, 1, NULL, NULL, NULL, NULL, NULL, NULL, NULL, NULL, NULL, NULL, NULL, NULL, NULL, NULL),
(40, 'Blanca Justiniano de Chilo', 51279, NULL, NULL, 'B/Nuevo Amanecer', 0x000000000101000000590864f5965a31c0d98cc1d574a34fc0, '0', '1', 2, 1, NULL, '2021-04-22 19:09:36', '2021-04-28 20:27:12', NULL, NULL, NULL, NULL, NULL, NULL, NULL, 1, 1, NULL, NULL, NULL, NULL, NULL, NULL, NULL, NULL, NULL, NULL, NULL, NULL, NULL, NULL),
(41, 'Claver Cuellar Flores', 51247, '1', NULL, 'B/Nuevo Amanecer', 0x000000000101000000108c097c935a31c0f96e2d9853a34fc0, '0', '1', 2, 1, 2, '2021-04-22 19:10:18', '2021-04-28 20:27:55', NULL, NULL, NULL, NULL, NULL, NULL, NULL, 1, 1, NULL, NULL, NULL, NULL, NULL, NULL, NULL, NULL, NULL, NULL, NULL, NULL, NULL, NULL),
(42, 'Abel Mondaque Peredo', 50373, NULL, NULL, 'B/Monte Cruz', 0x000000000101000000f74f0f9e5f5a31c05cf28c7d4ba34fc0, '0', '1', 2, 2, NULL, '2021-04-22 19:11:47', '2021-04-28 20:28:31', NULL, NULL, NULL, NULL, NULL, NULL, NULL, 1, 1, NULL, NULL, NULL, NULL, NULL, NULL, NULL, NULL, NULL, NULL, NULL, NULL, NULL, NULL),
(43, 'Ramiro Velásquez (Victoria Lovera Ortiz)', 50423, '1', NULL, 'B/Monte Cruz', 0x000000000101000000093526b8595a31c08e62ec5044a34fc0, '0', '1', 2, 2, 2, '2021-04-22 19:13:01', '2021-04-28 20:29:15', NULL, NULL, NULL, NULL, NULL, NULL, NULL, 1, 1, NULL, NULL, NULL, NULL, NULL, NULL, NULL, NULL, NULL, NULL, NULL, NULL, NULL, NULL),
(44, 'Ancelma Ayllon Martinez', 50383, NULL, NULL, 'B/Monte Cruz', 0x000000000101000000d69909e6755a31c0be8fcde643a34fc0, '0', '1', 2, 2, NULL, '2021-04-22 19:14:34', '2021-04-28 20:36:21', NULL, NULL, NULL, NULL, NULL, NULL, NULL, 1, 1, NULL, NULL, NULL, NULL, NULL, NULL, NULL, NULL, NULL, NULL, NULL, NULL, NULL, NULL),
(45, 'German Mamani Vargas', 51095, NULL, NULL, 'B/Monte Cruz', 0x0000000001010000006fd20af36a5a31c0621837de38a34fc0, '0', '1', 2, 2, NULL, '2021-04-22 19:15:21', '2021-04-28 20:37:08', NULL, NULL, NULL, NULL, NULL, NULL, NULL, 1, 1, NULL, NULL, NULL, NULL, NULL, NULL, NULL, NULL, NULL, NULL, NULL, NULL, NULL, NULL),
(46, 'Martha Romero', 50392, NULL, NULL, 'B/Monte Cruz', 0x00000000010100000094907ff19a5a31c0197d4d8f31a34fc0, '0', '1', 2, 2, NULL, '2021-04-22 19:16:31', '2021-04-28 20:37:47', NULL, NULL, NULL, NULL, NULL, NULL, NULL, 1, 1, NULL, NULL, NULL, NULL, NULL, NULL, NULL, NULL, NULL, NULL, NULL, NULL, NULL, NULL),
(47, 'Mario Gutierrez Mamani', 50376, NULL, NULL, 'B/Monte Cruz', 0x0000000001010000002ab4ae22ab5a31c04755d50740a34fc0, '0', '1', 2, 2, NULL, '2021-04-22 19:17:29', '2021-04-28 20:38:26', NULL, NULL, NULL, NULL, NULL, NULL, NULL, 1, 1, NULL, NULL, NULL, NULL, NULL, NULL, NULL, NULL, NULL, NULL, NULL, NULL, NULL, NULL),
(48, 'Soledad Mendoza', 51262, '1', NULL, 'B/Nuevo Amanecer', 0x000000000101000000bf9f4930b25a31c0d1bf413245a34fc0, '0', '1', 2, 1, 2, '2021-04-22 19:18:36', '2021-04-28 20:39:04', NULL, NULL, NULL, NULL, NULL, NULL, NULL, 1, 1, NULL, NULL, NULL, NULL, NULL, NULL, NULL, NULL, NULL, NULL, NULL, NULL, NULL, NULL),
(49, 'Salustiana Flores', 51266, NULL, NULL, 'B/Nuevo Amanecer', 0x000000000101000000db36ba9ab55a31c0f126e56b46a34fc0, '0', '1', 2, 1, NULL, '2021-04-22 19:19:49', '2021-04-28 20:39:53', NULL, NULL, NULL, NULL, NULL, NULL, NULL, 1, 1, NULL, NULL, NULL, NULL, NULL, NULL, NULL, NULL, NULL, NULL, NULL, NULL, NULL, NULL),
(50, 'Juana Cruz', 51991, '1', NULL, 'B/Nuevo Amanecer', 0x0000000001010000002e62df7dbe5a31c06e03d47d4ba34fc0, '0', '1', 2, 1, 2, '2021-04-22 19:20:49', '2021-04-28 20:40:25', NULL, NULL, NULL, NULL, NULL, NULL, NULL, 1, 1, NULL, NULL, NULL, NULL, NULL, NULL, NULL, NULL, NULL, NULL, NULL, NULL, NULL, NULL),
(51, 'Justina Perales', 51359, '1', NULL, 'B/Nuevo Amanecer', 0x00000000010100000085313909bd5a31c05057d4554ba34fc0, '0', '1', 2, 1, 2, '2021-04-22 19:21:39', '2021-04-28 20:40:54', NULL, NULL, NULL, NULL, NULL, NULL, NULL, 1, 1, NULL, NULL, NULL, NULL, NULL, NULL, NULL, NULL, NULL, NULL, NULL, NULL, NULL, NULL),
(52, 'Roberto Condori Quiroga', 51303, '1', NULL, 'B/Nuevo Amanecer', 0x000000000101000000c0c3fd62ba5a31c0d0238d034ea34fc0, '0', '1', 2, 1, 2, '2021-04-22 19:22:34', '2021-04-28 20:41:48', NULL, NULL, NULL, NULL, NULL, NULL, NULL, 1, 1, NULL, NULL, NULL, NULL, NULL, NULL, NULL, NULL, NULL, NULL, NULL, NULL, NULL, NULL),
(53, 'Mariano Flores Marcani (Claudia Mamani)', 51309, '1', NULL, 'B/Nuevo Amanecer', 0x000000000101000000da1c952cba5a31c0904ca85c50a34fc0, '0', '1', 2, 1, 2, '2021-04-22 19:24:32', '2021-04-28 20:42:39', NULL, NULL, NULL, NULL, NULL, NULL, NULL, 1, 1, NULL, NULL, NULL, NULL, NULL, NULL, NULL, NULL, NULL, NULL, NULL, NULL, NULL, NULL),
(54, 'Abelio Vargas (Maria Isabel Mendoza)', 51304, '1', NULL, 'B/Nuevo Amanecer', 0x000000000101000000b045352ebf5a31c0054a1cfc4fa34fc0, '0', '1', 2, 1, 2, '2021-04-22 19:26:10', '2021-04-28 20:43:22', NULL, NULL, NULL, NULL, NULL, NULL, NULL, 1, 1, NULL, NULL, NULL, NULL, NULL, NULL, NULL, NULL, NULL, NULL, NULL, NULL, NULL, NULL),
(55, 'Lidia Bautista Arauz', 51253, '1', NULL, 'B/Nuevo Amanecer', 0x0000000001010000005dca8663dd5a31c0d34134c451a34fc0, '0', '1', 2, 1, 2, '2021-04-22 19:27:06', '2021-04-28 20:45:27', NULL, NULL, NULL, NULL, NULL, NULL, NULL, 1, 1, NULL, NULL, NULL, NULL, NULL, NULL, NULL, NULL, NULL, NULL, NULL, NULL, NULL, NULL),
(56, 'Benita Martinez', 51252, '1', NULL, 'B/Nuevo Amanecer', 0x0000000001010000006a92b766d15a31c005d4163a60a34fc0, '0', '1', 2, 1, 2, '2021-04-22 19:28:15', '2021-04-28 20:46:02', NULL, NULL, NULL, NULL, NULL, NULL, NULL, 1, 1, NULL, NULL, NULL, NULL, NULL, NULL, NULL, NULL, NULL, NULL, NULL, NULL, NULL, NULL),
(57, 'Martina Lopez Nina', 51256, '1', NULL, 'B/Nuevo Amanecer', 0x000000000101000000704bb2cce05a31c0556bd4c96ba34fc0, '0', '1', 2, 1, 2, '2021-04-22 19:29:18', '2021-04-28 20:46:41', NULL, NULL, NULL, NULL, NULL, NULL, NULL, 1, 1, NULL, NULL, NULL, NULL, NULL, NULL, NULL, NULL, NULL, NULL, NULL, NULL, NULL, NULL),
(58, 'Norma Romero Morales', 50901, '1', NULL, 'B/Nuevo Amanecer', 0x00000000010100000040f29f51165b31c00a285c776fa34fc0, '0', '1', 2, 1, 2, '2021-04-22 19:29:52', '2021-04-28 20:47:24', NULL, NULL, NULL, NULL, NULL, NULL, NULL, 1, 1, NULL, NULL, NULL, NULL, NULL, NULL, NULL, NULL, NULL, NULL, NULL, NULL, NULL, NULL),
(59, 'Serafin Barbetty', 51337, NULL, NULL, 'B/Nuevo Amanecer', 0x000000000101000000d94f11200a5b31c0f1df40ef69a34fc0, '0', '1', 2, 1, NULL, '2021-04-22 19:30:59', '2021-04-28 20:48:05', NULL, NULL, NULL, NULL, NULL, NULL, NULL, 1, 1, NULL, NULL, NULL, NULL, NULL, NULL, NULL, NULL, NULL, NULL, NULL, NULL, NULL, NULL),
(60, 'Felipe Campos Vedia', 50428, '1', NULL, 'B/Monte Cruz', 0x00000000010100000043a05a0fbd5a31c0646a36be2ea34fc0, '0', '1', 2, 2, 2, '2021-04-22 19:32:03', '2021-04-28 20:48:45', NULL, NULL, NULL, NULL, NULL, NULL, NULL, 1, 1, NULL, NULL, NULL, NULL, NULL, NULL, NULL, NULL, NULL, NULL, NULL, NULL, NULL, NULL),
(61, 'Aida Pallpa Villca', 50399, NULL, NULL, 'B/Monte Cruz', 0x000000000101000000cd5d48bea65a31c0fc08e3eb34a34fc0, '0', '1', 2, 2, NULL, '2021-04-22 19:33:23', '2021-04-28 20:49:23', NULL, NULL, NULL, NULL, NULL, NULL, NULL, 1, 1, NULL, NULL, NULL, NULL, NULL, NULL, NULL, NULL, NULL, NULL, NULL, NULL, NULL, NULL),
(62, 'Marcelino Mamani Rojas', 50408, NULL, NULL, 'B/Monte Cruz', 0x0000000001010000004962bc56d05a31c06794851c28a34fc0, '0', '1', 2, 2, NULL, '2021-04-22 19:33:59', '2021-04-28 20:50:04', NULL, NULL, NULL, NULL, NULL, NULL, NULL, 1, 1, NULL, NULL, NULL, NULL, NULL, NULL, NULL, NULL, NULL, NULL, NULL, NULL, NULL, NULL),
(63, 'Milson Rodríguez (Lidia Mendoza Avalos)', 51449, '1', NULL, 'B/Monte Cruz', 0x00000000010100000086772440d25a31c0865d0b7e19a34fc0, '0', '1', 2, 2, 2, '2021-04-22 19:35:17', '2021-04-28 20:50:44', NULL, NULL, NULL, NULL, NULL, NULL, NULL, 1, 1, NULL, NULL, NULL, NULL, NULL, NULL, NULL, NULL, NULL, NULL, NULL, NULL, NULL, NULL),
(64, 'Emilio Rocha M. (Norberto Rocha Meneses)', 51754, '1', NULL, 'B/Monte Cruz', 0x0000000001010000005d07d0d2225b31c01e898fe137a34fc0, '0', '1', 2, 2, 2, '2021-04-22 19:37:10', '2021-04-28 20:51:12', NULL, NULL, NULL, NULL, NULL, NULL, NULL, 1, 1, NULL, NULL, NULL, NULL, NULL, NULL, NULL, NULL, NULL, NULL, NULL, NULL, NULL, NULL),
(65, 'Mario Villarroel Vallejos', 50948, '1', NULL, 'B/Monte Cruz', 0x0000000001010000001ec5cf47105b31c037f62c503fa34fc0, '0', '1', 2, 2, 2, '2021-04-22 19:37:53', '2021-04-28 20:52:24', NULL, NULL, NULL, NULL, NULL, NULL, NULL, 1, 1, NULL, NULL, NULL, NULL, NULL, NULL, NULL, NULL, NULL, NULL, NULL, NULL, NULL, NULL),
(66, 'Zenobio Zambrana', 51370, NULL, NULL, 'B/Nuevo Amanecer', 0x000000000101000000039208ca255b31c02eec776757a34fc0, '0', '1', 2, 1, NULL, '2021-04-22 19:38:44', '2021-04-28 20:52:56', NULL, NULL, NULL, NULL, NULL, NULL, NULL, 1, 1, NULL, NULL, NULL, NULL, NULL, NULL, NULL, NULL, NULL, NULL, NULL, NULL, NULL, NULL),
(67, 'Hilarion Umiri Cora', 51915, '1', NULL, 'B/Nuevo Amanecer', 0x000000000101000000af5ebe9bb25a31c09439284481a34fc0, '0', '1', 2, 2, 2, '2021-04-22 19:39:24', '2021-04-28 20:53:25', NULL, NULL, NULL, NULL, NULL, NULL, NULL, 1, 1, NULL, NULL, NULL, NULL, NULL, NULL, NULL, NULL, NULL, NULL, NULL, NULL, NULL, NULL),
(68, 'Lino Lenis', 52210, '1', NULL, 'B/Nuevo Amanecer II', 0x000000000101000000aa331c5f485d31c09674384344a34fc0, '0', '1', 2, 1, 3, '2021-04-22 19:50:24', '2021-04-28 20:53:57', NULL, NULL, NULL, NULL, NULL, NULL, NULL, 1, 1, NULL, NULL, NULL, NULL, NULL, NULL, NULL, NULL, NULL, NULL, NULL, NULL, NULL, NULL),
(69, 'Nestor Mayta', 51694, '1', NULL, 'B/Nuevo Amanecer II', 0x000000000101000000bdd43d7d045d31c0e148cf4d62a34fc0, '0', '1', 2, 1, 3, '2021-04-22 19:51:05', '2021-04-28 20:55:09', NULL, NULL, NULL, NULL, NULL, NULL, NULL, 1, 1, NULL, NULL, NULL, NULL, NULL, NULL, NULL, NULL, NULL, NULL, NULL, NULL, NULL, NULL),
(70, 'Sabino Mesa Campos', 51801, '1', NULL, 'B/Nuevo Amanecer', 0x000000000101000000bbb889c15c5c31c01685282235a34fc0, '0', '1', 2, 2, 3, '2021-04-22 19:51:47', '2021-04-28 20:56:55', NULL, NULL, NULL, NULL, NULL, NULL, NULL, 1, 1, NULL, NULL, NULL, NULL, NULL, NULL, NULL, NULL, NULL, NULL, NULL, NULL, NULL, NULL),
(71, 'Elias Yucra Maita', 51907, NULL, NULL, 'B/Nuevo Amanecer', 0x000000000101000000549f05004f5c31c0c141b4ca3fa34fc0, '0', '1', 2, 2, NULL, '2021-04-22 19:52:25', '2021-04-28 20:57:48', NULL, NULL, NULL, NULL, NULL, NULL, NULL, 1, 1, NULL, NULL, NULL, NULL, NULL, NULL, NULL, NULL, NULL, NULL, NULL, NULL, NULL, NULL),
(72, 'Veronica Garcia Cruz', 51883, '1', NULL, 'B/Nuevo Amanecer', 0x000000000101000000cb6d25df2a5c31c0e325995327a34fc0, '0', '1', 2, 1, 3, '2021-04-22 19:53:08', '2021-04-28 20:58:21', NULL, NULL, NULL, NULL, NULL, NULL, NULL, 1, 1, NULL, NULL, NULL, NULL, NULL, NULL, NULL, NULL, NULL, NULL, NULL, NULL, NULL, NULL),
(73, 'Siprian Rios Flores', 51862, '1', NULL, 'B/Nuevo Amanecer', 0x0000000001010000009db143ca295c31c0b3ef38c62da34fc0, '0', '1', 2, 1, 3, '2021-04-22 19:54:00', '2021-04-28 20:58:47', NULL, NULL, NULL, NULL, NULL, NULL, NULL, 1, 1, NULL, NULL, NULL, NULL, NULL, NULL, NULL, NULL, NULL, NULL, NULL, NULL, NULL, NULL),
(74, 'Evaristo Campos Ayllón (Epifania Tinuco)', 52009, '1', NULL, 'B/Nuevo Amanecer', 0x000000000101000000ff4f0e81575c31c04a70225c5da34fc0, '0', '1', 2, 2, 3, '2021-04-22 19:57:42', '2021-04-28 20:59:14', NULL, NULL, NULL, NULL, NULL, NULL, NULL, 1, 1, NULL, NULL, NULL, NULL, NULL, NULL, NULL, NULL, NULL, NULL, NULL, NULL, NULL, NULL),
(75, 'Marisol Subia Rodríguez', 0, '1', NULL, 'B/Monte Cruz', 0x000000000101000000ff4f0e81575c31c04a70225c5da34fc0, '0', '1', 2, 2, 3, '2021-04-22 20:03:13', '2021-04-28 21:13:23', NULL, NULL, NULL, NULL, NULL, NULL, NULL, 1, 1, NULL, NULL, NULL, NULL, NULL, NULL, NULL, NULL, NULL, NULL, NULL, NULL, NULL, NULL),
(76, 'Santusa Arroyo Rodriguez', 51400, '1', NULL, 'B/Nuevo Amanecer', 0x000000000101000000db6399a6d15b31c0cfba484e68a34fc0, '0', '1', 2, 1, 3, '2021-04-22 20:04:16', '2021-04-28 21:14:18', NULL, NULL, NULL, NULL, NULL, NULL, NULL, 1, 1, NULL, NULL, NULL, NULL, NULL, NULL, NULL, NULL, NULL, NULL, NULL, NULL, NULL, NULL),
(77, 'Edwin Garcia Zeballos', 50912, NULL, NULL, 'B/Nuevo Amanecer', 0x000000000101000000d388dfb8ab5b31c00a381f8054a34fc0, '0', '1', 2, 2, NULL, '2021-04-22 20:06:06', '2021-04-28 21:14:47', NULL, NULL, NULL, NULL, NULL, NULL, NULL, 1, 1, NULL, NULL, NULL, NULL, NULL, NULL, NULL, NULL, NULL, NULL, NULL, NULL, NULL, NULL),
(78, 'Olices Jimenez Achacata', 51771, '1', NULL, 'B/Nuevo Amanecer', 0x000000000101000000843ab1abd85b31c0d16ec6a18fa34fc0, '0', '1', 2, 1, 3, '2021-04-22 20:06:46', '2021-04-28 21:15:14', NULL, NULL, NULL, NULL, NULL, NULL, NULL, 1, 1, NULL, NULL, NULL, NULL, NULL, NULL, NULL, NULL, NULL, NULL, NULL, NULL, NULL, NULL),
(79, 'Reina Cruz Esquivel', 51737, '1', NULL, 'B/Nuevo Amanecer', 0x0000000001010000009c1edb75cd5b31c0dc4ec0e991a34fc0, '0', '1', 2, 1, 3, '2021-04-22 20:07:28', '2021-04-28 21:15:46', NULL, NULL, NULL, NULL, NULL, NULL, NULL, 1, 1, NULL, NULL, NULL, NULL, NULL, NULL, NULL, NULL, NULL, NULL, NULL, NULL, NULL, NULL),
(80, 'Felix Caba Kenta', 51748, '1', NULL, 'B/Nuevo Amanecer', 0x000000000101000000a2ed79a7cb5b31c03b9e4aa195a34fc0, '0', '1', 2, 2, 3, '2021-04-22 20:08:21', '2021-04-28 21:16:27', NULL, NULL, NULL, NULL, NULL, NULL, NULL, 1, 1, NULL, NULL, NULL, NULL, NULL, NULL, NULL, NULL, NULL, NULL, NULL, NULL, NULL, NULL),
(81, 'Santos Orellana', 52728, NULL, NULL, 'B/Nuevo Amanecer', 0x000000000101000000706dddc59e5b31c0a53546ae96a34fc0, '0', '1', 2, 1, NULL, '2021-04-22 20:09:01', '2021-04-28 21:17:00', NULL, NULL, NULL, NULL, NULL, NULL, NULL, 1, 1, NULL, NULL, NULL, NULL, NULL, NULL, NULL, NULL, NULL, NULL, NULL, NULL, NULL, NULL),
(82, 'Castulo Ruiz Saldias', 51190, '1', NULL, 'B/Nuevo Amanecer', 0x0000000001010000002bb3f736815b31c009d0f2ac76a34fc0, '0', '1', 2, 1, 3, '2021-04-22 20:09:39', '2021-04-28 21:17:32', NULL, NULL, NULL, NULL, NULL, NULL, NULL, 1, 1, NULL, NULL, NULL, NULL, NULL, NULL, NULL, NULL, NULL, NULL, NULL, NULL, NULL, NULL),
(83, 'Genesis Aiza Villalobos', 51331, '1', NULL, 'B/Nuevo Amanecer', 0x00000000010100000046200984815b31c0b48c2c7172a34fc0, '0', '1', 2, 1, 3, '2021-04-22 20:10:31', '2021-04-28 21:18:15', NULL, NULL, NULL, NULL, NULL, NULL, NULL, 1, 1, NULL, NULL, NULL, NULL, NULL, NULL, NULL, NULL, NULL, NULL, NULL, NULL, NULL, NULL),
(84, 'Constantina Achacata (Eduardo Jimenez)', 51332, '1', NULL, 'B/Nuevo Amanecer', 0x000000000101000000c1552d397e5b31c0dab6ff4674a34fc0, '0', '1', 2, 1, 3, '2021-04-22 20:11:32', '2021-04-28 21:18:53', NULL, NULL, NULL, NULL, NULL, NULL, NULL, 1, 1, NULL, NULL, NULL, NULL, NULL, NULL, NULL, NULL, NULL, NULL, NULL, NULL, NULL, NULL),
(85, 'Eduardo Quispe Soria', 51200, '1', NULL, 'B/Nuevo Amanecer', 0x000000000101000000cdc55d516a5b31c02da9781479a34fc0, '0', '1', 2, 1, 3, '2021-04-22 20:12:09', '2021-04-28 21:19:39', NULL, NULL, NULL, NULL, NULL, NULL, NULL, 1, 1, NULL, NULL, NULL, NULL, NULL, NULL, NULL, NULL, NULL, NULL, NULL, NULL, NULL, NULL),
(86, 'Lucha Vargas Melendres', 50863, '1', NULL, 'B/Nuevo Amanecer', 0x00000000010100000048ee53bc625b31c0584bcdfa68a34fc0, '0', '1', 2, 1, 3, '2021-04-22 20:12:55', '2021-04-28 21:20:15', NULL, NULL, NULL, NULL, NULL, NULL, NULL, 1, 1, NULL, NULL, NULL, NULL, NULL, NULL, NULL, NULL, NULL, NULL, NULL, NULL, NULL, NULL),
(87, 'Felipa Flores Argote', 50895, NULL, NULL, 'B/Nuevo Amanecer', 0x0000000001010000005585211d4a5b31c094e296c575a34fc0, '0', '1', 2, 2, NULL, '2021-04-22 20:13:33', '2021-04-28 21:20:51', NULL, NULL, NULL, NULL, NULL, NULL, NULL, 1, 1, NULL, NULL, NULL, NULL, NULL, NULL, NULL, NULL, NULL, NULL, NULL, NULL, NULL, NULL),
(88, 'Marcial David Huallpa', 51423, '1', NULL, 'B/Nuevo Amanecer', 0x000000000101000000598f93634b5b31c05b4b3c757ba34fc0, '0', '1', 2, 2, 3, '2021-04-22 20:14:09', '2021-04-28 21:21:16', NULL, NULL, NULL, NULL, NULL, NULL, NULL, 1, 1, NULL, NULL, NULL, NULL, NULL, NULL, NULL, NULL, NULL, NULL, NULL, NULL, NULL, NULL),
(89, 'Lourdes Gamboa Orellana', 51848, NULL, NULL, 'B/Nuevo Amanecer', 0x000000000101000000c892744d785b31c052b970129da34fc0, '0', '1', 2, 1, NULL, '2021-04-22 20:15:05', '2021-04-28 21:21:52', NULL, NULL, NULL, NULL, NULL, NULL, NULL, 1, 1, NULL, NULL, NULL, NULL, NULL, NULL, NULL, NULL, NULL, NULL, NULL, NULL, NULL, NULL),
(90, 'Apolinar Ortega Choque', 51545, '1', NULL, 'B/Nuevo Amanecer', 0x0000000001010000002da6ed9b815b31c0b9f85d7aa6a34fc0, '0', '1', 2, 3, 3, '2021-04-22 20:15:44', '2021-04-28 21:22:33', NULL, NULL, NULL, NULL, NULL, NULL, NULL, 1, 1, NULL, NULL, NULL, NULL, NULL, NULL, NULL, NULL, NULL, NULL, NULL, NULL, NULL, NULL),
(91, 'Antonia Ortega Choque', 51875, '1', NULL, 'B/Nuevo Amanecer', 0x000000000101000000fef0bfd9845b31c05acbd783a8a34fc0, '0', '1', 2, 3, 3, '2021-04-22 20:16:19', '2021-04-28 21:23:11', NULL, NULL, NULL, NULL, NULL, NULL, NULL, 1, 1, NULL, NULL, NULL, NULL, NULL, NULL, NULL, NULL, NULL, NULL, NULL, NULL, NULL, NULL),
(92, 'Basilio Ortega Esquivel', 51873, '1', NULL, 'B/Nuevo Amanecer', 0x000000000101000000232f6b62815b31c016c1ff56b2a34fc0, '0', '1', 2, 3, 3, '2021-04-22 20:17:06', '2021-04-28 21:23:43', NULL, NULL, NULL, NULL, NULL, NULL, NULL, 1, 1, NULL, NULL, NULL, NULL, NULL, NULL, NULL, NULL, NULL, NULL, NULL, NULL, NULL, NULL),
(93, 'Miguel Marcani', 50434, NULL, NULL, 'B/Monte Cruz', 0x0000000001010000001b9aa4e0635b31c0e395768dfca24fc0, '0', '1', 2, 2, NULL, '2021-04-22 20:17:57', '2021-04-28 21:24:17', NULL, NULL, NULL, NULL, NULL, NULL, NULL, 1, 1, NULL, NULL, NULL, NULL, NULL, NULL, NULL, NULL, NULL, NULL, NULL, NULL, NULL, NULL),
(94, 'Serapio Ventura Dias', 50427, '1', NULL, 'B/Monte Cruz', 0x00000000010100000095004a26785b31c00b737db3f2a24fc0, '0', '1', 2, 2, 3, '2021-04-22 20:18:39', '2021-04-28 21:24:44', NULL, NULL, NULL, NULL, NULL, NULL, NULL, 1, 1, NULL, NULL, NULL, NULL, NULL, NULL, NULL, NULL, NULL, NULL, NULL, NULL, NULL, NULL),
(95, 'Alfredo Soliz (Mirian Vasquez Piedra)', 51062, '1', NULL, 'B/Monte Cruz', 0x0000000001010000004661c467955b31c0cf0ac3491aa34fc0, '0', '1', 2, 2, 3, '2021-04-22 20:19:54', '2021-04-28 21:25:21', NULL, NULL, NULL, NULL, NULL, NULL, NULL, 1, 1, NULL, NULL, NULL, NULL, NULL, NULL, NULL, NULL, NULL, NULL, NULL, NULL, NULL, NULL),
(96, 'Julia Mendez Carrillo', 51093, '1', NULL, 'B/Nuevo Amanecer', 0x0000000001010000002b553ccb9d5b31c033facae520a34fc0, '0', '1', 2, 2, 3, '2021-04-22 20:20:32', '2021-04-28 21:25:52', NULL, NULL, NULL, NULL, NULL, NULL, NULL, 1, 1, NULL, NULL, NULL, NULL, NULL, NULL, NULL, NULL, NULL, NULL, NULL, NULL, NULL, NULL),
(97, 'Gladis Inca Mamani', 51221, '1', NULL, 'B/Monte Cruz', 0x0000000001010000001f812bcc755b31c02454802116a34fc0, '0', '1', 2, 2, 3, '2021-04-22 20:21:11', '2021-04-28 21:26:19', NULL, NULL, NULL, NULL, NULL, NULL, NULL, 1, 1, NULL, NULL, NULL, NULL, NULL, NULL, NULL, NULL, NULL, NULL, NULL, NULL, NULL, NULL),
(98, 'Elena Rojas Curma', 50990, '1', NULL, 'B/Monte Cruz', 0x0000000001010000002d7f6a674e5b31c05d8ded361ca34fc0, '0', '1', 2, 2, 3, '2021-04-22 20:22:01', '2021-04-28 21:26:48', NULL, NULL, NULL, NULL, NULL, NULL, NULL, 1, 1, NULL, NULL, NULL, NULL, NULL, NULL, NULL, NULL, NULL, NULL, NULL, NULL, NULL, NULL),
(99, 'Vicdtor Zurita Guevara (Jose Luis Rojas Godoy)', 14351, '1', NULL, 'B/Santa Rosita', 0x0000000001010000009ea46fc8124f31c02a15055427a34fc0, '0', '1', 1, 1, 4, '2021-04-22 20:24:51', '2021-04-28 21:27:15', NULL, NULL, NULL, NULL, NULL, NULL, NULL, 1, 1, NULL, NULL, NULL, NULL, NULL, NULL, NULL, NULL, NULL, NULL, NULL, NULL, NULL, NULL),
(100, 'Felicidad Duran', 16479, '1', NULL, 'B/Santa Rosita', 0x00000000010100000052a025db944f31c0d682919e23a34fc0, '0', '1', 1, 1, 4, '2021-04-22 20:26:47', '2021-04-28 21:27:52', NULL, NULL, NULL, NULL, NULL, NULL, NULL, 1, 1, NULL, NULL, NULL, NULL, NULL, NULL, NULL, NULL, NULL, NULL, NULL, NULL, NULL, NULL),
(101, 'Andrea Gabriela Solis Paita', 19141, '1', NULL, 'B/Santa Rosita', 0x000000000101000000f61eaeb4d44f31c0714722b9b8a24fc0, '0', '1', 1, 1, 4, '2021-04-22 20:27:39', '2021-04-28 21:28:20', NULL, NULL, NULL, NULL, NULL, NULL, NULL, 1, 1, NULL, NULL, NULL, NULL, NULL, NULL, NULL, NULL, NULL, NULL, NULL, NULL, NULL, NULL),
(102, 'Zenón Núñez', 11102, '1', NULL, 'B/Santa Rosita', 0x0000000001010000004597311e165031c0472de0aba8a24fc0, '0', '1', 1, 1, 4, '2021-04-22 20:28:40', '2021-04-28 21:28:58', NULL, NULL, NULL, NULL, NULL, NULL, NULL, 1, 1, NULL, NULL, NULL, NULL, NULL, NULL, NULL, NULL, NULL, NULL, NULL, NULL, NULL, NULL),
(103, 'Santo Sebastian Espinosa', 20849, '1', NULL, 'B/Todo Santos II', 0x0000000001010000002071333cc15031c0d58447acd5a34fc0, '0', '1', 1, 1, 4, '2021-04-22 20:29:24', '2021-04-28 21:29:24', NULL, NULL, NULL, NULL, NULL, NULL, NULL, 1, 1, NULL, NULL, NULL, NULL, NULL, NULL, NULL, NULL, NULL, NULL, NULL, NULL, NULL, NULL),
(104, 'Pedro Becerra Pedraza', 22651, '1', NULL, 'B/Todo Santos II', 0x0000000001010000006d46dbdc935031c0830a0c2e05a44fc0, '0', '1', 1, 1, 4, '2021-04-22 20:30:15', '2021-04-28 21:29:58', NULL, NULL, NULL, NULL, NULL, NULL, NULL, 1, 1, NULL, NULL, NULL, NULL, NULL, NULL, NULL, NULL, NULL, NULL, NULL, NULL, NULL, NULL),
(105, 'Angelica Cuba Suarez (Primitivo Aguilar)', 19264, '1', NULL, 'B/Santa Ana', 0x000000000101000000afd2ceebec4c31c08334b6d787a24fc0, '0', '1', 1, 1, 5, '2021-04-22 20:32:32', '2021-04-28 21:30:43', NULL, NULL, NULL, NULL, NULL, NULL, NULL, 1, 1, NULL, NULL, NULL, NULL, NULL, NULL, NULL, NULL, NULL, NULL, NULL, NULL, NULL, NULL),
(106, 'Basty Cadima Rios', 19333, '1', NULL, 'B/Santa Ana', 0x000000000101000000a779da83bd4c31c09186bb80dca24fc0, '0', '1', 1, 1, 5, '2021-04-22 20:33:22', '2021-04-28 21:31:15', NULL, NULL, NULL, NULL, NULL, NULL, NULL, 1, 1, NULL, NULL, NULL, NULL, NULL, NULL, NULL, NULL, NULL, NULL, NULL, NULL, NULL, NULL),
(107, 'Rubén López Pérez (Cecilia Barrera)', 19948, '1', NULL, 'B/Rodeo del Norte', 0x000000000101000000e6c2cf0f025b31c00089f4b9079c4fc0, '0', '1', 5, 1, 5, '2021-04-22 20:36:10', '2021-04-28 21:31:43', NULL, NULL, NULL, NULL, NULL, NULL, NULL, 1, 1, NULL, NULL, NULL, NULL, NULL, NULL, NULL, NULL, NULL, NULL, NULL, NULL, NULL, NULL),
(108, 'Genoveba Condori (Cristiana Vásquez)', 19596, '1', NULL, 'B/Rodeo del Norte', 0x000000000101000000f29c4e6d535b31c0d5e77ef61e9c4fc0, '0', '1', 5, 1, 5, '2021-04-22 20:38:06', '2021-04-28 21:32:36', NULL, NULL, NULL, NULL, NULL, NULL, NULL, 1, 1, NULL, NULL, NULL, NULL, NULL, NULL, NULL, NULL, NULL, NULL, NULL, NULL, NULL, NULL),
(109, 'Ana Cardenaz', 52021, '1', NULL, 'B/Rodeo del Norte', 0x00000000010100000028c3724f4e5b31c09e4a0a66199c4fc0, '0', '1', 5, 1, 5, '2021-04-22 20:38:52', '2021-04-28 21:33:26', NULL, NULL, NULL, NULL, NULL, NULL, NULL, 1, 1, NULL, NULL, NULL, NULL, NULL, NULL, NULL, NULL, NULL, NULL, NULL, NULL, NULL, NULL),
(110, 'Juan Montalvo Fajardo', 15761, '1', NULL, 'B/Rodeo del Norte', 0x000000000101000000eb47f735945b31c001da69a8039c4fc0, '0', '1', 5, 1, 5, '2021-04-22 20:39:52', '2021-04-28 21:34:04', NULL, NULL, NULL, NULL, NULL, NULL, NULL, 1, 1, NULL, NULL, NULL, NULL, NULL, NULL, NULL, NULL, NULL, NULL, NULL, NULL, NULL, NULL),
(111, 'Rene Eduardo Diaz', 18887, '1', NULL, 'B/Rodeo del Norte', 0x000000000101000000955bea9c5c5b31c03ee0b2e11a9c4fc0, '0', '1', 5, 1, 5, '2021-04-22 20:40:38', '2021-04-28 21:34:29', NULL, NULL, NULL, NULL, NULL, NULL, NULL, 1, 1, NULL, NULL, NULL, NULL, NULL, NULL, NULL, NULL, NULL, NULL, NULL, NULL, NULL, NULL),
(112, 'Ana Luisa Parada', 11711, '1', NULL, 'B/Pampa de la Madre', 0x00000000010100000041cd27e3f95631c0c8f4a1a5249d4fc0, '0', '1', 5, 1, 5, '2021-04-22 20:41:18', '2021-04-28 21:35:04', NULL, NULL, NULL, NULL, NULL, NULL, NULL, 1, 1, NULL, NULL, NULL, NULL, NULL, NULL, NULL, NULL, NULL, NULL, NULL, NULL, NULL, NULL),
(113, 'Betty Tenorio', 52648, '1', NULL, 'B/Pampa de la Madre', 0x00000000010100000080c79c67195731c0e42741c6f19c4fc0, '0', '1', 5, 1, 5, '2021-04-22 20:42:15', '2021-04-28 21:35:29', NULL, NULL, NULL, NULL, NULL, NULL, NULL, 1, 1, NULL, NULL, NULL, NULL, NULL, NULL, NULL, NULL, NULL, NULL, NULL, NULL, NULL, NULL),
(114, 'Raquel Aguilera Hurtado', 50735, '1', NULL, 'B/Pampa de la Madre', 0x00000000010100000091e7eb751c5731c043ffd85e7d9c4fc0, '0', '1', 5, 1, 5, '2021-04-22 20:43:00', '2021-04-28 21:35:57', NULL, NULL, NULL, NULL, NULL, NULL, NULL, 1, 1, NULL, NULL, NULL, NULL, NULL, NULL, NULL, NULL, NULL, NULL, NULL, NULL, NULL, NULL),
(115, 'Andrea Ortiz Garcia', 51731, '1', NULL, 'B/Pampa de la Madre', 0x0000000001010000007340deec2d5731c02cb9f3f6929c4fc0, '0', '1', 5, 1, 5, '2021-04-22 20:43:49', '2021-04-28 21:36:36', NULL, NULL, NULL, NULL, NULL, NULL, NULL, 1, 1, NULL, NULL, NULL, NULL, NULL, NULL, NULL, NULL, NULL, NULL, NULL, NULL, NULL, NULL),
(116, 'Raul  Villazante Pomari', 52533, '1', NULL, 'B/Guadalupe II', 0x000000000101000000203687ce4d5431c0b6adac5342a24fc0, '0', '1', 2, 3, 6, '2021-04-22 20:53:46', '2021-04-28 21:38:13', NULL, NULL, NULL, NULL, NULL, NULL, NULL, 1, 1, NULL, NULL, NULL, NULL, NULL, NULL, NULL, NULL, NULL, NULL, NULL, NULL, NULL, NULL),
(117, 'Esteban Flores Laureano', 52179, '1', NULL, 'B/Guadalupe II', 0x00000000010100000089788844495431c03ab85d8266a24fc0, '0', '1', 2, 3, 6, '2021-04-22 20:54:42', '2021-04-28 21:39:00', NULL, NULL, NULL, NULL, NULL, NULL, NULL, 1, 1, NULL, NULL, NULL, NULL, NULL, NULL, NULL, NULL, NULL, NULL, NULL, NULL, NULL, NULL),
(118, 'Maribel Menchaca Echeverria', 22820, '1', NULL, 'B/Guadalupe II', 0x000000000101000000b1f9b836545431c0a3cc069964a24fc0, '0', '1', 2, 3, 6, '2021-04-22 20:56:07', '2021-04-28 21:39:52', NULL, NULL, NULL, NULL, NULL, NULL, NULL, 1, 1, NULL, NULL, NULL, NULL, NULL, NULL, NULL, NULL, NULL, NULL, NULL, NULL, NULL, NULL),
(119, 'Johnny Arancibia Berrios', 52224, '1', NULL, 'B/Guadalupe II', 0x000000000101000000d6eb0403345431c0f34946057ea24fc0, '0', '1', 2, 3, 6, '2021-04-22 20:57:12', '2021-04-28 21:40:37', NULL, NULL, NULL, NULL, NULL, NULL, NULL, 1, 1, NULL, NULL, NULL, NULL, NULL, NULL, NULL, NULL, NULL, NULL, NULL, NULL, NULL, NULL),
(120, 'Martin Berrios Zambrana', 22805, '1', NULL, 'B/Guadalupe II', 0x00000000010100000088072c8d2b5431c01aa9a09787a24fc0, '0', '1', 2, 3, 6, '2021-04-22 21:00:15', '2021-04-28 21:42:06', NULL, NULL, NULL, NULL, NULL, NULL, NULL, 1, 1, NULL, NULL, NULL, NULL, NULL, NULL, NULL, NULL, NULL, NULL, NULL, NULL, NULL, NULL),
(121, 'Sixto Oropeza Ibarra', 53333, '1', NULL, 'B/Guadalupe II', 0x000000000101000000df64b5b6295431c0af4c2fd285a24fc0, '0', '1', 2, 3, 6, '2021-04-22 21:01:37', '2021-04-28 21:42:49', NULL, NULL, NULL, NULL, NULL, NULL, NULL, 1, 1, NULL, NULL, NULL, NULL, NULL, NULL, NULL, NULL, NULL, NULL, NULL, NULL, NULL, NULL),
(122, 'Laura Mariel Guzmán Guzmán', 22802, '1', NULL, 'B/Guadalupe II', 0x0000000001010000008d430c57385431c084681dc39aa24fc0, '0', '1', 2, 3, 6, '2021-04-22 21:02:38', '2021-04-28 21:43:47', NULL, NULL, NULL, NULL, NULL, NULL, NULL, 1, 1, NULL, NULL, NULL, NULL, NULL, NULL, NULL, NULL, NULL, NULL, NULL, NULL, NULL, NULL),
(123, 'Vicenta Geronimo (Héctor Ángel Burgos)', 52080, '1', NULL, 'B/Guadalupe II', 0x0000000001010000004f7f6ff43b5431c03bf0cb049da24fc0, '0', '1', 2, 3, 6, '2021-04-22 21:04:01', '2021-04-28 21:44:23', NULL, NULL, NULL, NULL, NULL, NULL, NULL, 1, 1, NULL, NULL, NULL, NULL, NULL, NULL, NULL, NULL, NULL, NULL, NULL, NULL, NULL, NULL),
(124, 'Juan Ríos Paniagua', 52062, '1', NULL, 'B/Guadalupe II', 0x000000000101000000232d95b7235431c0ff9f2ab99da24fc0, '0', '1', 2, 3, 6, '2021-04-22 21:05:29', '2021-04-28 21:47:54', NULL, NULL, NULL, NULL, NULL, NULL, NULL, 1, 1, NULL, NULL, NULL, NULL, NULL, NULL, NULL, NULL, NULL, NULL, NULL, NULL, NULL, NULL),
(125, 'Lidia Rollano Laime', 52063, '1', NULL, 'B/Guadalupe II', 0x000000000101000000cd936c91365431c0889d279fada24fc0, '0', '1', 2, 3, 6, '2021-04-22 21:06:21', '2021-04-28 22:00:12', NULL, NULL, NULL, NULL, NULL, NULL, NULL, 1, 1, NULL, NULL, NULL, NULL, NULL, NULL, NULL, NULL, NULL, NULL, NULL, NULL, NULL, NULL),
(126, 'Jhon Elmer  Pozo Cespedes', 52025, '1', NULL, 'B/Guadalupe II', 0x00000000010100000080133d7d405431c0e6ba00b5ada24fc0, '0', '1', 2, 3, 6, '2021-04-22 21:07:42', '2021-04-28 21:50:11', NULL, NULL, NULL, NULL, NULL, NULL, NULL, 1, 1, NULL, NULL, NULL, NULL, NULL, NULL, NULL, NULL, NULL, NULL, NULL, NULL, NULL, NULL),
(127, 'Ramiro Jimenez Bustamante', 52024, '1', NULL, 'B/Guadalupe II', 0x000000000101000000bf2988c43b5431c06b83b585aea24fc0, '0', '1', 2, 3, 6, '2021-04-22 21:08:48', '2021-04-28 21:50:47', NULL, NULL, NULL, NULL, NULL, NULL, NULL, 1, 1, NULL, NULL, NULL, NULL, NULL, NULL, NULL, NULL, NULL, NULL, NULL, NULL, NULL, NULL),
(128, 'Bethy lopez', 52053, '1', NULL, 'B/Guadalupe II', 0x0000000001010000000073d191055431c04f6c330dcca24fc0, '0', '1', 2, 3, 6, '2021-04-22 21:10:04', '2021-04-28 21:52:58', NULL, NULL, NULL, NULL, NULL, NULL, NULL, 1, 1, NULL, NULL, NULL, NULL, NULL, NULL, NULL, NULL, NULL, NULL, NULL, NULL, NULL, NULL),
(129, 'Roberto Mendoza Flores', 52052, '1', NULL, 'B/Guadalupe II', 0x00000000010100000071cd1623255431c0c66d3480b7a24fc0, '0', '1', 2, 3, 6, '2021-04-22 21:10:53', '2021-04-28 21:58:48', NULL, NULL, NULL, NULL, NULL, NULL, NULL, 1, 1, NULL, NULL, NULL, NULL, NULL, NULL, NULL, NULL, NULL, NULL, NULL, NULL, NULL, NULL),
(130, 'Faustina Rollano de Castrio', 52051, '1', NULL, 'B/Guadalupe II', NULL, '0', '1', 2, 3, 6, '2021-04-22 21:11:42', '2021-04-22 21:11:42', NULL, NULL, NULL, NULL, NULL, NULL, NULL, 1, 1, NULL, NULL, NULL, NULL, NULL, NULL, NULL, NULL, NULL, NULL, NULL, NULL, NULL, NULL),
(131, 'Zulma Villarroel Jaime', 52887, '1', NULL, 'B/Guadalupe II', NULL, '0', '1', 2, 3, 6, '2021-04-22 21:12:27', '2021-04-22 21:12:27', NULL, NULL, NULL, NULL, NULL, NULL, NULL, 1, 1, NULL, NULL, NULL, NULL, NULL, NULL, NULL, NULL, NULL, NULL, NULL, NULL, NULL, NULL),
(132, 'Rosabel Guzman Rojas', 52890, '1', NULL, 'B/Guadalupe II', NULL, '0', '1', 2, 3, 6, '2021-04-22 21:13:20', '2021-04-22 21:13:20', NULL, NULL, NULL, NULL, NULL, NULL, NULL, 1, 1, NULL, NULL, NULL, NULL, NULL, NULL, NULL, NULL, NULL, NULL, NULL, NULL, NULL, NULL),
(133, 'Fernando Montalván Aponte', 52884, '1', NULL, 'B/Guadalupe II', NULL, '0', '1', 2, 3, 6, '2021-04-22 21:14:21', '2021-04-22 21:14:21', NULL, NULL, NULL, NULL, NULL, NULL, NULL, 1, 1, NULL, NULL, NULL, NULL, NULL, NULL, NULL, NULL, NULL, NULL, NULL, NULL, NULL, NULL),
(134, 'Juana Mamani Fernadez', 52892, '1', NULL, 'B/Guadalupe II', NULL, '0', '1', 2, 3, 6, '2021-04-22 21:15:50', '2021-04-22 21:15:50', NULL, NULL, NULL, NULL, NULL, NULL, NULL, 1, 1, NULL, NULL, NULL, NULL, NULL, NULL, NULL, NULL, NULL, NULL, NULL, NULL, NULL, NULL),
(135, 'Juana Mamani Fernadez', 52892, '1', NULL, 'B/Guadalupe II', NULL, '0', '1', 2, 3, 6, '2021-04-22 21:15:50', '2021-04-22 21:15:50', NULL, NULL, NULL, NULL, NULL, NULL, NULL, 1, 1, NULL, NULL, NULL, NULL, NULL, NULL, NULL, NULL, NULL, NULL, NULL, NULL, NULL, NULL),
(136, 'Mary luz Mostajo Rodríguez', 52877, '1', NULL, 'B/Guadalupe II', NULL, '0', '1', 2, 3, 6, '2021-04-22 21:17:00', '2021-04-22 21:17:00', NULL, NULL, NULL, NULL, NULL, NULL, NULL, 1, 1, NULL, NULL, NULL, NULL, NULL, NULL, NULL, NULL, NULL, NULL, NULL, NULL, NULL, NULL),
(137, 'Toribia Oscosiri Calle', 52901, '1', NULL, 'B/Guadalupe II', NULL, '0', '1', 2, 3, 6, '2021-04-22 21:18:01', '2021-04-22 21:18:01', NULL, NULL, NULL, NULL, NULL, NULL, NULL, 1, 1, NULL, NULL, NULL, NULL, NULL, NULL, NULL, NULL, NULL, NULL, NULL, NULL, NULL, NULL),
(138, 'María Esther Peña (Carlos Carvajal Condori)', 52961, '1', NULL, 'B/Guadalupe II', NULL, '0', '1', 2, 3, 6, '2021-04-22 21:19:15', '2021-04-22 21:19:58', NULL, NULL, NULL, NULL, NULL, NULL, NULL, 1, 1, NULL, NULL, NULL, NULL, NULL, NULL, NULL, NULL, NULL, NULL, NULL, NULL, NULL, NULL),
(139, 'Iván Pérez Zambrana', 52943, '1', NULL, 'B/Guadalupe II', NULL, '0', '1', 2, 3, 6, '2021-04-22 21:21:33', '2021-04-22 21:21:33', NULL, NULL, NULL, NULL, NULL, NULL, NULL, 1, 1, NULL, NULL, NULL, NULL, NULL, NULL, NULL, NULL, NULL, NULL, NULL, NULL, NULL, NULL),
(140, 'Juana Ricardo Pérez Vanegas', 52959, '1', NULL, 'B/Guadalupe II', NULL, '0', '1', 2, 3, 6, '2021-04-22 21:22:44', '2021-04-22 21:22:44', NULL, NULL, NULL, NULL, NULL, NULL, NULL, 1, 1, NULL, NULL, NULL, NULL, NULL, NULL, NULL, NULL, NULL, NULL, NULL, NULL, NULL, NULL),
(141, 'Orlando Carrasco Cespedez', 52958, NULL, NULL, 'B/Guadalupe II', NULL, '0', '1', 2, 3, 6, '2021-04-22 21:23:46', '2021-04-22 21:23:46', NULL, NULL, NULL, NULL, NULL, NULL, NULL, 1, 1, NULL, NULL, NULL, NULL, NULL, NULL, NULL, NULL, NULL, NULL, NULL, NULL, NULL, NULL),
(142, 'Daniel Serrano Churata', 53980, '1', NULL, 'B/Guadalupe II', NULL, '0', '1', 2, 3, 6, '2021-04-22 21:24:33', '2021-04-22 21:24:33', NULL, NULL, NULL, NULL, NULL, NULL, NULL, 1, 1, NULL, NULL, NULL, NULL, NULL, NULL, NULL, NULL, NULL, NULL, NULL, NULL, NULL, NULL),
(143, 'Aurora Quiroz Mendieta', 53977, '1', NULL, 'B/Guadalupe II', NULL, '0', '1', 2, 3, 6, '2021-04-22 21:25:24', '2021-04-22 21:25:24', NULL, NULL, NULL, NULL, NULL, NULL, NULL, 1, 1, NULL, NULL, NULL, NULL, NULL, NULL, NULL, NULL, NULL, NULL, NULL, NULL, NULL, NULL),
(144, 'Eliceo Vallejos Velasquez', 53978, '1', NULL, 'B/Guadalupe II', NULL, '0', '1', 2, 3, 6, '2021-04-22 21:26:13', '2021-04-22 21:26:13', NULL, NULL, NULL, NULL, NULL, NULL, NULL, 1, 1, NULL, NULL, NULL, NULL, NULL, NULL, NULL, NULL, NULL, NULL, NULL, NULL, NULL, NULL),
(145, 'Edwar Mamani  García', 52868, '1', NULL, 'B/Guadalupe II', NULL, '0', '1', 2, 3, 6, '2021-04-22 21:27:09', '2021-04-22 21:27:09', NULL, NULL, NULL, NULL, NULL, NULL, NULL, 1, 1, NULL, NULL, NULL, NULL, NULL, NULL, NULL, NULL, NULL, NULL, NULL, NULL, NULL, NULL),
(146, 'Julio Cesar  Flores Espinoza', 52869, '1', NULL, 'B/Guadalupe II', NULL, '0', '1', 2, 3, 6, '2021-04-22 21:27:50', '2021-04-22 21:27:50', NULL, NULL, NULL, NULL, NULL, NULL, NULL, 1, 1, NULL, NULL, NULL, NULL, NULL, NULL, NULL, NULL, NULL, NULL, NULL, NULL, NULL, NULL),
(147, 'Galia Villarroel Jaimes', 52800, '1', NULL, 'B/Guadalupe II', NULL, '0', '1', 2, 3, 6, '2021-04-22 21:28:54', '2021-04-22 21:28:54', NULL, NULL, NULL, NULL, NULL, NULL, NULL, 1, 1, NULL, NULL, NULL, NULL, NULL, NULL, NULL, NULL, NULL, NULL, NULL, NULL, NULL, NULL),
(148, 'Adriana Regimpo Zurita', 52797, '1', NULL, 'B/Guadalupe II', NULL, '0', '1', 2, 3, 6, '2021-04-22 21:30:00', '2021-04-22 21:30:00', NULL, NULL, NULL, NULL, NULL, NULL, NULL, 1, 1, NULL, NULL, NULL, NULL, NULL, NULL, NULL, NULL, NULL, NULL, NULL, NULL, NULL, NULL),
(149, 'Pedro Javier Poma Muñoz', 52791, '1', NULL, 'B/Guadalupe II', NULL, '0', '1', 2, 3, 6, '2021-04-22 21:31:02', '2021-04-22 21:31:02', NULL, NULL, NULL, NULL, NULL, NULL, NULL, 1, 1, NULL, NULL, NULL, NULL, NULL, NULL, NULL, NULL, NULL, NULL, NULL, NULL, NULL, NULL),
(150, 'Zulma Montalván (Erika Montalván)', 52760, '1', NULL, 'B/Guadalupe II', NULL, '0', '1', 2, 3, 6, '2021-04-22 21:32:17', '2021-04-22 21:32:17', NULL, NULL, NULL, NULL, NULL, NULL, NULL, 1, 1, NULL, NULL, NULL, NULL, NULL, NULL, NULL, NULL, NULL, NULL, NULL, NULL, NULL, NULL),
(151, 'José Carlos Saavedra Carbajal', 52741, '1', NULL, 'B/Guadalupe II', NULL, '0', '1', 2, 3, 6, '2021-04-22 21:33:14', '2021-04-22 21:33:14', NULL, NULL, NULL, NULL, NULL, NULL, NULL, 1, 1, NULL, NULL, NULL, NULL, NULL, NULL, NULL, NULL, NULL, NULL, NULL, NULL, NULL, NULL),
(152, 'Nieves Alvares Velasquez', 52706, '1', NULL, 'B/Guadalupe II', NULL, '0', '1', 2, 3, 6, '2021-04-22 21:33:58', '2021-04-22 21:33:58', NULL, NULL, NULL, NULL, NULL, NULL, NULL, 1, 1, NULL, NULL, NULL, NULL, NULL, NULL, NULL, NULL, NULL, NULL, NULL, NULL, NULL, NULL),
(153, 'Juliana  Flores de Ramirez', 52684, '1', NULL, 'B/Guadalupe II', NULL, '0', '1', 2, 3, 2, '2021-04-22 21:34:55', '2021-04-22 21:34:55', NULL, NULL, NULL, NULL, NULL, NULL, NULL, 1, 1, NULL, NULL, NULL, NULL, NULL, NULL, NULL, NULL, NULL, NULL, NULL, NULL, NULL, NULL),
(154, 'Teófilo Fabrica Guarayo', 52841, '1', NULL, 'B/Guadalupe II', NULL, '0', '1', 2, 3, 6, '2021-04-22 21:35:43', '2021-04-22 21:35:43', NULL, NULL, NULL, NULL, NULL, NULL, NULL, 1, 1, NULL, NULL, NULL, NULL, NULL, NULL, NULL, NULL, NULL, NULL, NULL, NULL, NULL, NULL),
(155, 'Danny Oropeza Medrano', 52810, '1', NULL, 'B/Guadalupe II', NULL, '0', '1', 2, 3, 6, '2021-04-22 21:36:55', '2021-04-22 21:36:55', NULL, NULL, NULL, NULL, NULL, NULL, NULL, 1, 1, NULL, NULL, NULL, NULL, NULL, NULL, NULL, NULL, NULL, NULL, NULL, NULL, NULL, NULL),
(156, 'Juliana Ventura Gutiérrez Vda. De Sarniento', 52826, '1', NULL, 'B/Guadalupe II', NULL, '0', '1', 2, 3, 6, '2021-04-22 21:37:44', '2021-04-22 21:37:44', NULL, NULL, NULL, NULL, NULL, NULL, NULL, 1, 1, NULL, NULL, NULL, NULL, NULL, NULL, NULL, NULL, NULL, NULL, NULL, NULL, NULL, NULL),
(157, 'Magali Morales Garcia', 52813, '1', NULL, 'B/Guadalupe II', NULL, '0', '1', 2, 3, 6, '2021-04-22 21:38:36', '2021-04-22 21:38:36', NULL, NULL, NULL, NULL, NULL, NULL, NULL, 1, 1, NULL, NULL, NULL, NULL, NULL, NULL, NULL, NULL, NULL, NULL, NULL, NULL, NULL, NULL),
(158, 'Felicia Yucra Orias', 52824, '1', NULL, 'B/Guadalupe II', NULL, '0', '1', 2, 3, 6, '2021-04-22 21:39:39', '2021-04-22 21:39:39', NULL, NULL, NULL, NULL, NULL, NULL, NULL, 1, 1, NULL, NULL, NULL, NULL, NULL, NULL, NULL, NULL, NULL, NULL, NULL, NULL, NULL, NULL),
(159, 'Ana Isabel Duran Parada', 52615, '1', NULL, 'B/Guadalupe II', NULL, '0', '1', 2, 3, 6, '2021-04-22 21:40:50', '2021-04-22 21:40:50', NULL, NULL, NULL, NULL, NULL, NULL, NULL, 1, 1, NULL, NULL, NULL, NULL, NULL, NULL, NULL, NULL, NULL, NULL, NULL, NULL, NULL, NULL),
(160, 'Juan Carlos  Encinas Rojas', 52592, '1', NULL, 'B/Guadalupe II', NULL, '0', '1', 2, 3, 6, '2021-04-22 21:42:02', '2021-04-22 21:42:02', NULL, NULL, NULL, NULL, NULL, NULL, NULL, 1, 1, NULL, NULL, NULL, NULL, NULL, NULL, NULL, NULL, NULL, NULL, NULL, NULL, NULL, NULL);
INSERT INTO `beneficiarios` (`id`, `name`, `epsa`, `autoriza`, `protec`, `dir`, `coord`, `nivel`, `status`, `distritos_id`, `entidades_id`, `rutas_id`, `created_at`, `updated_at`, `deleted_at`, `created_by`, `updated_by`, `deleted_by`, `manzano`, `lote`, `safsi`, `nfamilias`, `npersonas`, `c_gob_municipal`, `c_gob_municipal_p`, `c_ong`, `c_ong_p`, `c_familias`, `c_familias_p`, `c_otra`, `c_otra_p`, `dpto_id`, `municipio_id`, `zona_id`, `descom_id`, `epsa_id`, `tipo_bano_id`) VALUES
(161, 'Aurora Ninaja', 52595, '1', NULL, 'B/Guadalupe II', NULL, '0', '1', 2, 3, 6, '2021-04-22 21:43:05', '2021-04-22 21:43:05', NULL, NULL, NULL, NULL, NULL, NULL, NULL, 1, 1, NULL, NULL, NULL, NULL, NULL, NULL, NULL, NULL, NULL, NULL, NULL, NULL, NULL, NULL),
(162, 'Ceverina Arancibia Yucra', 52596, '1', NULL, 'B/Guadalupe II', NULL, '0', '1', 2, 3, 6, '2021-04-22 21:44:08', '2021-04-22 21:44:08', NULL, NULL, NULL, NULL, NULL, NULL, NULL, 1, 1, NULL, NULL, NULL, NULL, NULL, NULL, NULL, NULL, NULL, NULL, NULL, NULL, NULL, NULL),
(163, 'Víctor Escobar Mamani', 52980, '1', NULL, 'B/Guadalupe II', NULL, '0', '1', 2, 3, 6, '2021-04-22 21:45:29', '2021-04-22 21:45:29', NULL, NULL, NULL, NULL, NULL, NULL, NULL, 1, 1, NULL, NULL, NULL, NULL, NULL, NULL, NULL, NULL, NULL, NULL, NULL, NULL, NULL, NULL),
(164, 'Herlinda Rivera Rojas', 52603, '1', NULL, 'B/Guadalupe II', NULL, '0', '1', 2, 3, 6, '2021-04-22 21:46:38', '2021-04-22 21:46:38', NULL, NULL, NULL, NULL, NULL, NULL, NULL, 1, 1, NULL, NULL, NULL, NULL, NULL, NULL, NULL, NULL, NULL, NULL, NULL, NULL, NULL, NULL),
(165, 'Esteban Cabrera Villca', 52556, '1', NULL, 'B/Guadalupe II', NULL, '0', '1', 2, 3, 6, '2021-04-22 21:47:53', '2021-04-22 21:47:53', NULL, NULL, NULL, NULL, NULL, NULL, NULL, 1, 1, NULL, NULL, NULL, NULL, NULL, NULL, NULL, NULL, NULL, NULL, NULL, NULL, NULL, NULL),
(166, 'Blanca Flores Paredes', 52567, '1', NULL, 'B/Guadalupe II', NULL, '0', '1', 2, 3, 6, '2021-04-22 21:48:50', '2021-04-22 21:48:50', NULL, NULL, NULL, NULL, NULL, NULL, NULL, 1, 1, NULL, NULL, NULL, NULL, NULL, NULL, NULL, NULL, NULL, NULL, NULL, NULL, NULL, NULL),
(167, 'Jhonny Vasquez Flores', 52609, '1', NULL, 'B/Guadalupe II', NULL, '0', '1', 2, 3, 6, '2021-04-22 21:49:38', '2021-04-22 21:49:38', NULL, NULL, NULL, NULL, NULL, NULL, NULL, 1, 1, NULL, NULL, NULL, NULL, NULL, NULL, NULL, NULL, NULL, NULL, NULL, NULL, NULL, NULL),
(168, 'Jorge Enrrique Salazar Prado', 52542, '1', NULL, 'B/Guadalupe II', NULL, '0', '1', 2, 3, 6, '2021-04-22 21:50:25', '2021-04-22 21:50:25', NULL, NULL, NULL, NULL, NULL, NULL, NULL, 1, 1, NULL, NULL, NULL, NULL, NULL, NULL, NULL, NULL, NULL, NULL, NULL, NULL, NULL, NULL),
(169, 'Dionicio Mamani (Wilder Vargas Cano)', 52487, '1', NULL, 'B/Guadalupe II', NULL, '0', '1', 2, 3, 6, '2021-04-22 21:52:02', '2021-04-22 21:52:02', NULL, NULL, NULL, NULL, NULL, NULL, NULL, 1, 1, NULL, NULL, NULL, NULL, NULL, NULL, NULL, NULL, NULL, NULL, NULL, NULL, NULL, NULL),
(170, 'Einar Pozo Flores', 52573, '1', NULL, 'B/Guadalupe II', NULL, '0', '1', 2, 3, 6, '2021-04-22 21:52:46', '2021-04-22 21:52:46', NULL, NULL, NULL, NULL, NULL, NULL, NULL, 1, 1, NULL, NULL, NULL, NULL, NULL, NULL, NULL, NULL, NULL, NULL, NULL, NULL, NULL, NULL),
(171, 'Agustina Dias de Maquera', 52476, '1', NULL, 'B/Guadalupe II', NULL, '0', '1', 2, 3, 6, '2021-04-22 21:54:50', '2021-04-22 21:54:50', NULL, NULL, NULL, NULL, NULL, NULL, NULL, 1, 1, NULL, NULL, NULL, NULL, NULL, NULL, NULL, NULL, NULL, NULL, NULL, NULL, NULL, NULL),
(172, 'Teresa Guzmán Vargas', 52428, '1', NULL, 'B/Guadalupe II', NULL, '0', '1', 2, 3, 6, '2021-04-22 21:55:54', '2021-04-22 21:55:54', NULL, NULL, NULL, NULL, NULL, NULL, NULL, 1, 1, NULL, NULL, NULL, NULL, NULL, NULL, NULL, NULL, NULL, NULL, NULL, NULL, NULL, NULL),
(173, 'Luisa Chaves Claros', 52455, '1', NULL, 'B/Guadalupe II', NULL, '0', '1', 2, 3, 6, '2021-04-22 21:56:55', '2021-04-22 21:56:55', NULL, NULL, NULL, NULL, NULL, NULL, NULL, 1, 1, NULL, NULL, NULL, NULL, NULL, NULL, NULL, NULL, NULL, NULL, NULL, NULL, NULL, NULL),
(174, 'Constantino Hinojosa (Ines Llanos)', 52417, '1', NULL, 'B/Guadalupe II', NULL, '0', '1', 2, 3, 6, '2021-04-22 21:58:00', '2021-04-22 21:58:00', NULL, NULL, NULL, NULL, NULL, NULL, NULL, 1, 1, NULL, NULL, NULL, NULL, NULL, NULL, NULL, NULL, NULL, NULL, NULL, NULL, NULL, NULL);

--
-- Volcado de datos para la tabla `beneficiarios_doc_firmados`
--

INSERT INTO `beneficiarios_doc_firmados` (`id`, `beneficiario_id`, `doc_firmado_id`) VALUES
(1, 5, 1),
(2, 5, 2);

--
-- Volcado de datos para la tabla `beneficiarios_info_metodos`
--

INSERT INTO `beneficiarios_info_metodos` (`id`, `beneficiario_id`, `info_metodo_id`) VALUES
(3, 5, 1);

--
-- Volcado de datos para la tabla `categ`
--

INSERT INTO `categ` (`id`, `name`, `orden`, `status`, `created_at`, `updated_at`, `deleted_at`, `created_by`, `updated_by`, `deleted_by`) VALUES
(1, 'Saneamiento', 1, '1', '2021-04-16 16:51:58', '2021-04-16 16:51:58', NULL, NULL, NULL, NULL),
(2, 'Ducha', 2, '1', '2021-04-16 16:51:58', '2021-04-16 16:53:58', NULL, NULL, NULL, NULL),
(3, 'Desgrase', 3, '1', '2021-04-16 16:51:58', '2021-04-16 16:54:26', NULL, NULL, NULL, NULL),
(4, 'Tacho', 4, '1', '2021-04-16 16:54:41', '2021-04-16 16:54:41', NULL, NULL, NULL, NULL);

--
-- Volcado de datos para la tabla `distritos`
--

INSERT INTO `distritos` (`id`, `name`, `status`, `created_at`, `updated_at`, `deleted_at`, `created_by`, `updated_by`, `deleted_by`, `municipio_id`) VALUES
(1, '1', '1', '2021-04-16 16:37:14', '2021-04-16 16:43:10', NULL, NULL, NULL, NULL, 0),
(2, '2', '1', '2021-04-22 11:28:59', '2021-04-22 11:28:59', NULL, NULL, NULL, NULL, 0),
(3, '3', '1', '2021-04-22 11:29:39', '2021-04-22 11:29:39', NULL, NULL, NULL, NULL, 0),
(4, '4', '1', '2021-04-22 11:29:46', '2021-04-22 11:29:46', NULL, NULL, NULL, NULL, 0),
(5, '5', '1', '2021-04-22 11:29:53', '2021-04-22 11:29:53', NULL, NULL, NULL, NULL, 0);

--
-- Volcado de datos para la tabla `doc_firmados`
--

INSERT INTO `doc_firmados` (`id`, `name`, `orden`, `status`, `created_by`, `updated_by`, `deleted_by`, `created_at`, `updated_at`, `deleted_at`) VALUES
(1, 'Documento 1', 1, '1', 3, NULL, NULL, '2021-05-01 23:48:07', '2021-05-01 23:48:07', NULL),
(2, 'Documentoi 2', 2, '1', 3, NULL, NULL, '2021-05-01 23:48:13', '2021-05-01 23:48:13', NULL);

--
-- Volcado de datos para la tabla `dptos`
--

INSERT INTO `dptos` (`id`, `name`, `status`, `created_by`, `updated_by`, `deleted_by`, `created_at`, `updated_at`, `deleted_at`) VALUES
(1, 'Santa Cruz', '1', 3, 3, NULL, '2021-05-03 20:10:41', '2021-05-03 20:10:49', NULL);

--
-- Volcado de datos para la tabla `entidades`
--

INSERT INTO `entidades` (`id`, `name`, `status`, `created_at`, `updated_at`, `deleted_at`, `created_by`, `updated_by`, `deleted_by`) VALUES
(1, 'SNV', '1', '2021-04-16 16:36:59', '2021-04-16 16:42:00', NULL, NULL, NULL, NULL),
(2, 'FSH', '1', '2021-04-22 11:28:19', '2021-04-22 11:28:19', NULL, NULL, NULL, NULL),
(3, 'UNICEF', '1', '2021-04-22 11:28:41', '2021-04-22 11:28:41', NULL, NULL, NULL, NULL);

--
-- Volcado de datos para la tabla `est_civiles`
--

INSERT INTO `est_civiles` (`id`, `name`, `status`, `created_by`, `updated_by`, `deleted_by`, `created_at`, `updated_at`, `deleted_at`) VALUES
(1, 'Casado', '1', 3, NULL, NULL, '2021-05-03 15:28:35', '2021-05-03 15:28:35', NULL),
(2, 'Soltero', '1', 3, NULL, NULL, '2021-05-03 15:28:41', '2021-05-03 15:28:41', NULL);

--
-- Volcado de datos para la tabla `evaluaciones`
--

INSERT INTO `evaluaciones` (`id`, `coord`, `obs`, `fec_verif`, `verif_id`, `estado`, `status`, `ruteos_id`, `beneficiarios_id`, `usuarios_id`, `created_at`, `updated_at`, `deleted_at`, `created_by`, `updated_by`, `deleted_by`) VALUES
(1, 0x0000000001010000006e9e8fd728be31c0df3a5a304c984fc0, NULL, NULL, NULL, '2', '1', 1, 1, 1, '2021-04-16 17:31:10', '2021-04-16 17:31:10', '2021-04-21 18:40:08', NULL, NULL, NULL),
(7, 0x000000000101000000379902e32abe31c0373234434f984fc0, NULL, NULL, NULL, '2', '1', 2, 1, 1, '2021-04-21 10:19:14', '2021-04-21 10:19:14', '2021-04-21 18:40:08', NULL, NULL, NULL),
(8, 0x00000000010100000087fa5dd89a5131c03b585aa1a39f4fc0, NULL, NULL, NULL, '2', '1', 3, 2, 1, '2021-04-21 17:44:59', '2021-04-21 17:44:59', '2021-04-21 18:40:08', NULL, NULL, NULL),
(9, 0x000000000101000000406205099b5131c0827ae9dca39f4fc0, NULL, NULL, NULL, '2', '1', 4, 1, 1, '2021-04-21 18:32:25', '2021-04-21 18:32:25', '2021-04-21 18:40:08', NULL, NULL, NULL),
(10, 0x000000000101000000406205099b5131c0827ae9dca39f4fc0, NULL, NULL, NULL, '2', '1', 4, 3, 1, '2021-04-21 18:32:53', '2021-04-21 18:32:53', '2021-04-21 18:40:08', NULL, NULL, NULL),
(11, 0x00000000010100000022ed35f39a5131c0be3676e4a39f4fc0, NULL, NULL, NULL, '2', '1', 7, 1, 1, '2021-04-21 18:50:55', '2021-04-21 18:50:55', '2021-04-21 18:57:18', NULL, NULL, NULL),
(12, 0x00000000010100000022ed35f39a5131c0be3676e4a39f4fc0, NULL, NULL, NULL, '2', '1', 7, 3, 1, '2021-04-21 18:51:46', '2021-04-21 18:51:46', '2021-04-21 18:57:18', NULL, NULL, NULL),
(13, 0x00000000010100000022ed35f39a5131c0be3676e4a39f4fc0, NULL, NULL, NULL, '2', '1', 8, 2, 1, '2021-04-21 18:53:29', '2021-04-21 18:53:29', '2021-04-21 18:57:18', NULL, NULL, NULL);

--
-- Volcado de datos para la tabla `familiares`
--

INSERT INTO `familiares` (`id`, `name`, `edad`, `genero`, `status`, `beneficiario_id`, `parentesco_id`, `est_civil_id`, `niv_educativo_id`, `ocupacion_id`, `created_by`, `updated_by`, `deleted_by`, `created_at`, `updated_at`, `deleted_at`) VALUES
(1, 'mario', 43, 'M', '1', 4, 2, 2, 1, 1, 3, 3, NULL, '2021-05-03 15:45:01', '2021-05-03 15:45:01', NULL);

--
-- Volcado de datos para la tabla `grupos`
--

INSERT INTO `grupos` (`id`, `name`, `descrip`, `status`, `created_at`, `updated_at`, `deleted_at`, `created_by`, `updated_by`, `deleted_by`) VALUES
(1, 'admin', 'aministradores', '1', '2021-03-09 21:14:21', '2021-03-09 21:14:21', NULL, NULL, NULL, NULL),
(2, 'Monitores', 'Permisos para monitores', '1', '2021-04-02 00:52:11', '2021-04-28 22:16:53', NULL, NULL, NULL, NULL),
(3, 'Secretaria', 'Personal de apoyo en oficinas', '1', '2021-04-18 03:36:09', '2021-04-18 03:38:07', NULL, NULL, NULL, NULL),
(4, 'Recolector', 'Personal de recolección de lodos', '1', '2021-04-18 03:57:22', '2021-04-18 03:57:22', NULL, NULL, NULL, NULL),
(5, 'Técnico', 'Personal técnico', '1', '2021-04-18 22:19:15', '2021-04-18 22:19:15', NULL, NULL, NULL, NULL);

--
-- Volcado de datos para la tabla `grupos_permisos`
--

INSERT INTO `grupos_permisos` (`valor`, `deleted_at`, `permisos_id`, `grupos_id`) VALUES
(1, NULL, 3, 2),
(1, NULL, 10, 2),
(1, NULL, 14, 2),
(1, NULL, 15, 2),
(15, NULL, 8, 2),
(1, NULL, 12, 2),
(1, NULL, 11, 2),
(1, NULL, 4, 2),
(1, NULL, 17, 2),
(15, NULL, 5, 2),
(1, NULL, 13, 2),
(1, NULL, 6, 2),
(15, NULL, 1, 2),
(15, NULL, 2, 2),
(15, NULL, 9, 2),
(1, NULL, 16, 2),
(1, NULL, 7, 2),
(7, NULL, 3, 3),
(15, NULL, 16, 3),
(1, NULL, 3, 4),
(7, NULL, 16, 4),
(3, NULL, 3, 5),
(7, NULL, 6, 5),
(7, NULL, 1, 5),
(7, NULL, 2, 5),
(1, NULL, 9, 5),
(7, NULL, 16, 5),
(7, NULL, 3, 1),
(7, NULL, 10, 1),
(7, NULL, 14, 1),
(7, NULL, 15, 1),
(7, NULL, 8, 1),
(4, NULL, 12, 1),
(4, NULL, 11, 1),
(7, NULL, 4, 1),
(4, NULL, 17, 1),
(4, NULL, 5, 1),
(7, NULL, 13, 1),
(15, NULL, 6, 1),
(15, NULL, 1, 1),
(15, NULL, 2, 1),
(15, NULL, 9, 1),
(15, NULL, 16, 1);

--
-- Volcado de datos para la tabla `info_metodos`
--

INSERT INTO `info_metodos` (`id`, `name`, `orden`, `status`, `created_by`, `updated_by`, `deleted_by`, `created_at`, `updated_at`, `deleted_at`) VALUES
(1, 'Tv', 1, '1', 3, NULL, NULL, '2021-05-01 23:48:23', '2021-05-01 23:48:23', NULL),
(2, 'Radio', 1, '1', 3, NULL, NULL, '2021-05-01 23:48:29', '2021-05-01 23:48:29', NULL);

--
-- Volcado de datos para la tabla `lista_apoyos`
--

INSERT INTO `lista_apoyos` (`id`, `name`, `orden`, `status`, `created_by`, `updated_by`, `deleted_by`, `created_at`, `updated_at`, `deleted_at`) VALUES
(1, 'Manejoi de Agua para el Consumo', 1, '1', 3, 3, NULL, '2021-05-03 21:18:38', '2021-05-03 21:18:57', NULL),
(2, 'Hoigiene personal po delafamilia NNA', 2, '1', 3, NULL, NULL, '2021-05-03 21:19:37', '2021-05-03 21:19:37', NULL);

--
-- Volcado de datos para la tabla `niv_educativos`
--

INSERT INTO `niv_educativos` (`id`, `name`, `status`, `created_by`, `updated_by`, `deleted_by`, `created_at`, `updated_at`, `deleted_at`) VALUES
(1, 'Secunadara', '1', 3, NULL, NULL, '2021-05-02 14:38:52', '2021-05-02 14:38:52', NULL);

--
-- Volcado de datos para la tabla `ocupaciones`
--

INSERT INTO `ocupaciones` (`id`, `name`, `status`, `created_by`, `updated_by`, `deleted_by`, `created_at`, `updated_at`, `deleted_at`) VALUES
(1, 'Profesor', '1', 3, NULL, NULL, '2021-05-03 15:28:51', '2021-05-03 15:28:51', NULL),
(2, 'Africultor', '1', 3, NULL, NULL, '2021-05-03 15:28:58', '2021-05-03 15:28:58', NULL);

--
-- Volcado de datos para la tabla `parentescos`
--

INSERT INTO `parentescos` (`id`, `name`, `status`, `created_by`, `updated_by`, `deleted_by`, `created_at`, `updated_at`, `deleted_at`) VALUES
(1, 'Padre', '1', 3, NULL, NULL, '2021-05-03 15:28:18', '2021-05-03 15:28:18', NULL),
(2, 'Madre', '1', 3, NULL, NULL, '2021-05-03 15:28:26', '2021-05-03 15:28:26', NULL);

--
-- Volcado de datos para la tabla `permisos`
--

INSERT INTO `permisos` (`id`, `slug`, `name`, `descrip`, `status`, `created_at`, `updated_at`, `deleted_at`, `created_by`, `updated_by`, `deleted_by`) VALUES
(1, 'ruteos', 'ruteos', 'asasas', '1', '2021-03-09 21:13:54', '2021-04-02 00:45:41', NULL, NULL, NULL, NULL),
(2, 'ruteosMonitor', 'ruteos monitor', NULL, '1', '2021-04-02 00:36:10', '2021-04-02 00:36:10', NULL, NULL, NULL, NULL),
(3, 'Beneficiarios', 'Beneficiarios', 'Beneficiarios', '1', '2021-04-02 00:44:58', '2021-04-02 00:44:58', NULL, NULL, NULL, NULL),
(4, 'Preguntas', 'Preguntas', 'Preguntas', '1', '2021-04-02 00:45:20', '2021-04-02 00:45:20', NULL, NULL, NULL, NULL),
(5, 'Respuestas', 'Respuestas', 'Respuestas', '1', '2021-04-02 00:45:54', '2021-04-02 00:45:54', NULL, NULL, NULL, NULL),
(6, 'Rutas', 'Rutas', 'Rutas', '1', '2021-04-02 00:46:37', '2021-04-02 00:46:37', NULL, NULL, NULL, NULL),
(7, 'Usuarios', 'Usuarios', 'Usuarios', '1', '2021-04-02 00:47:00', '2021-04-02 00:47:00', NULL, NULL, NULL, NULL),
(8, 'Evaluaciones', 'Evaluaciones', 'Evaluaciones', '1', '2021-04-02 00:48:45', '2021-04-02 00:48:45', NULL, NULL, NULL, NULL),
(9, 'Servicios', 'Servicios', 'Servicios', '1', '2021-04-02 00:49:03', '2021-04-02 00:49:03', NULL, NULL, NULL, NULL),
(10, 'categ', 'Categorias', 'Categorias', '1', '2021-04-02 21:05:46', '2021-04-02 21:05:46', NULL, NULL, NULL, NULL),
(11, 'permisos', 'Permisos', 'Permisos', '1', '2021-04-12 00:40:32', '2021-04-12 00:40:32', NULL, NULL, NULL, NULL),
(12, 'grupos', 'Grupos', 'Grupos', '1', '2021-04-12 00:40:51', '2021-04-12 00:40:51', NULL, NULL, NULL, NULL),
(13, 'roles', 'Roles', 'Roles', '1', '2021-04-12 00:41:36', '2021-04-12 00:41:36', NULL, NULL, NULL, NULL),
(14, 'distritos', 'Distritos', 'Distitos', '1', '2021-04-12 00:42:27', '2021-04-12 00:42:27', NULL, NULL, NULL, NULL),
(15, 'entidades', 'Entidades', 'Entidades', '1', '2021-04-12 00:42:41', '2021-04-12 00:42:41', NULL, NULL, NULL, NULL),
(16, 'solicitudServicios', 'Solicitud de Servicios', 'Solicitud de servicios', '1', '2021-04-12 00:43:48', '2021-04-12 00:43:48', NULL, NULL, NULL, NULL),
(17, 'reciclaje', 'Reciclaje', 'Reciclaje', '1', '2021-04-12 00:45:22', '2021-04-12 00:45:22', NULL, NULL, NULL, NULL);

--
-- Volcado de datos para la tabla `preguntas`
--

INSERT INTO `preguntas` (`id`, `pregunta`, `tipo`, `orden`, `status`, `categ_id`, `created_at`, `updated_at`, `deleted_at`, `created_by`, `updated_by`, `deleted_by`) VALUES
(1, '¿La familia usa el baño?', '1', 1, '1', 1, '2021-04-16 16:55:51', '2021-04-16 16:55:51', NULL, NULL, NULL, NULL),
(2, '¿El baño está limpio en general?', '1', 2, '1', 1, '2021-04-16 16:56:22', '2021-04-16 16:56:22', NULL, NULL, NULL, NULL),
(3, '¿Se ha limpiado la rejilla de la ducha? (Sifón)', '1', 1, '1', 2, '2021-04-16 16:56:55', '2021-04-16 16:56:55', NULL, NULL, NULL, NULL),
(4, '¿Se ha limpiado la cámara desgrasadora?', '1', 1, '1', 3, '2021-04-16 16:57:30', '2021-04-16 17:29:43', NULL, NULL, NULL, NULL),
(5, '¿Cual es el estado del tacho? (Valor en % de 0 a 100)', '2', 1, '1', 4, '2021-04-16 16:58:26', '2021-04-16 23:43:28', NULL, NULL, NULL, NULL),
(6, '¿Han tenido enfermedades?', '1', 3, '1', 1, '2021-04-17 10:06:34', '2021-04-17 10:07:26', NULL, NULL, NULL, NULL);

--
-- Volcado de datos para la tabla `prob_sol_existentes`
--

INSERT INTO `prob_sol_existentes` (`id`, `problemas`, `soluciones`, `status`, `created_by`, `updated_by`, `deleted_by`, `beneficiario_id`, `created_at`, `updated_at`, `deleted_at`) VALUES
(7, 'problema 1', 'solucion1', '1', 3, 3, NULL, 4, '2021-05-02 05:32:56', '2021-05-02 05:32:56', NULL),
(8, 'problema 234', 'solucion224444', '1', 3, 3, NULL, 4, '2021-05-02 05:32:56', '2021-05-02 05:32:56', NULL);

--
-- Volcado de datos para la tabla `respuestas`
--

INSERT INTO `respuestas` (`id`, `r_n`, `r_d`, `r_s`, `status`, `preguntas_id`, `evaluaciones_id`, `created_at`, `updated_at`, `deleted_at`, `created_by`, `updated_by`, `deleted_by`) VALUES
(1, NULL, NULL, '1', '1', 1, 1, '2021-04-16 17:31:10', '2021-04-16 17:31:10', '2021-04-21 18:40:08', NULL, NULL, NULL),
(2, NULL, NULL, '1', '1', 2, 1, '2021-04-16 17:31:10', '2021-04-16 17:31:10', '2021-04-21 18:40:08', NULL, NULL, NULL),
(3, NULL, NULL, '1', '1', 3, 1, '2021-04-16 17:31:10', '2021-04-16 17:31:10', '2021-04-21 18:40:08', NULL, NULL, NULL),
(4, NULL, NULL, '1', '1', 4, 1, '2021-04-16 17:31:10', '2021-04-16 17:31:10', '2021-04-21 18:40:08', NULL, NULL, NULL),
(5, NULL, NULL, '5', '1', 5, 1, '2021-04-16 17:31:10', '2021-04-16 17:31:10', '2021-04-21 18:40:08', NULL, NULL, NULL),
(36, NULL, NULL, '1', '1', 1, 7, '2021-04-21 10:19:14', '2021-04-21 10:19:14', '2021-04-21 18:40:08', NULL, NULL, NULL),
(37, NULL, NULL, '1', '1', 2, 7, '2021-04-21 10:19:14', '2021-04-21 10:19:14', '2021-04-21 18:40:08', NULL, NULL, NULL),
(38, NULL, NULL, '1', '1', 3, 7, '2021-04-21 10:19:14', '2021-04-21 10:19:14', '2021-04-21 18:40:08', NULL, NULL, NULL),
(39, NULL, NULL, '1', '1', 4, 7, '2021-04-21 10:19:14', '2021-04-21 10:19:14', '2021-04-21 18:40:08', NULL, NULL, NULL),
(40, NULL, NULL, '50', '1', 5, 7, '2021-04-21 10:19:14', '2021-04-21 10:19:14', '2021-04-21 18:40:08', NULL, NULL, NULL),
(41, NULL, NULL, '1', '1', 6, 7, '2021-04-21 10:19:14', '2021-04-21 10:19:14', '2021-04-21 18:40:08', NULL, NULL, NULL),
(42, NULL, NULL, '1', '1', 1, 8, '2021-04-21 17:44:59', '2021-04-21 17:44:59', '2021-04-21 18:40:08', NULL, NULL, NULL),
(43, NULL, NULL, '1', '1', 2, 8, '2021-04-21 17:44:59', '2021-04-21 17:44:59', '2021-04-21 18:40:08', NULL, NULL, NULL),
(44, NULL, NULL, '0', '1', 3, 8, '2021-04-21 17:44:59', '2021-04-21 17:44:59', '2021-04-21 18:40:08', NULL, NULL, NULL),
(45, NULL, NULL, '0', '1', 4, 8, '2021-04-21 17:44:59', '2021-04-21 17:44:59', '2021-04-21 18:40:08', NULL, NULL, NULL),
(46, NULL, NULL, '50', '1', 5, 8, '2021-04-21 17:44:59', '2021-04-21 17:44:59', '2021-04-21 18:40:08', NULL, NULL, NULL),
(47, NULL, NULL, '1', '1', 6, 8, '2021-04-21 17:44:59', '2021-04-21 17:44:59', '2021-04-21 18:40:08', NULL, NULL, NULL),
(48, NULL, NULL, '0', '1', 1, 9, '2021-04-21 18:32:25', '2021-04-21 18:32:25', '2021-04-21 18:40:08', NULL, NULL, NULL),
(49, NULL, NULL, '0', '1', 2, 9, '2021-04-21 18:32:25', '2021-04-21 18:32:25', '2021-04-21 18:40:08', NULL, NULL, NULL),
(50, NULL, NULL, '1', '1', 3, 9, '2021-04-21 18:32:25', '2021-04-21 18:32:25', '2021-04-21 18:40:08', NULL, NULL, NULL),
(51, NULL, NULL, '1', '1', 4, 9, '2021-04-21 18:32:25', '2021-04-21 18:32:25', '2021-04-21 18:40:08', NULL, NULL, NULL),
(52, NULL, NULL, '30', '1', 5, 9, '2021-04-21 18:32:25', '2021-04-21 18:32:25', '2021-04-21 18:40:08', NULL, NULL, NULL),
(53, NULL, NULL, '1', '1', 6, 9, '2021-04-21 18:32:25', '2021-04-21 18:32:25', '2021-04-21 18:40:08', NULL, NULL, NULL),
(54, NULL, NULL, '0', '1', 1, 10, '2021-04-21 18:32:53', '2021-04-21 18:32:53', '2021-04-21 18:40:08', NULL, NULL, NULL),
(55, NULL, NULL, '1', '1', 2, 10, '2021-04-21 18:32:53', '2021-04-21 18:32:53', '2021-04-21 18:40:08', NULL, NULL, NULL),
(56, NULL, NULL, '1', '1', 3, 10, '2021-04-21 18:32:53', '2021-04-21 18:32:53', '2021-04-21 18:40:08', NULL, NULL, NULL),
(57, NULL, NULL, '1', '1', 4, 10, '2021-04-21 18:32:53', '2021-04-21 18:32:53', '2021-04-21 18:40:08', NULL, NULL, NULL),
(58, NULL, NULL, '50', '1', 5, 10, '2021-04-21 18:32:53', '2021-04-21 18:32:53', '2021-04-21 18:40:08', NULL, NULL, NULL),
(59, NULL, NULL, '0', '1', 6, 10, '2021-04-21 18:32:53', '2021-04-21 18:32:53', '2021-04-21 18:40:08', NULL, NULL, NULL),
(60, NULL, NULL, '1', '1', 1, 11, '2021-04-21 18:50:55', '2021-04-21 18:50:55', '2021-04-21 18:57:18', NULL, NULL, NULL),
(61, NULL, NULL, '1', '1', 2, 11, '2021-04-21 18:50:55', '2021-04-21 18:50:55', '2021-04-21 18:57:18', NULL, NULL, NULL),
(62, NULL, NULL, '1', '1', 3, 11, '2021-04-21 18:50:55', '2021-04-21 18:50:55', '2021-04-21 18:57:18', NULL, NULL, NULL),
(63, NULL, NULL, '1', '1', 4, 11, '2021-04-21 18:50:55', '2021-04-21 18:50:55', '2021-04-21 18:57:18', NULL, NULL, NULL),
(64, NULL, NULL, '100', '1', 5, 11, '2021-04-21 18:50:55', '2021-04-21 18:50:55', '2021-04-21 18:57:18', NULL, NULL, NULL),
(65, NULL, NULL, '0', '1', 6, 11, '2021-04-21 18:50:55', '2021-04-21 18:50:55', '2021-04-21 18:57:18', NULL, NULL, NULL),
(66, NULL, NULL, '1', '1', 1, 12, '2021-04-21 18:51:46', '2021-04-21 18:51:46', '2021-04-21 18:57:18', NULL, NULL, NULL),
(67, NULL, NULL, '0', '1', 2, 12, '2021-04-21 18:51:46', '2021-04-21 18:51:46', '2021-04-21 18:57:18', NULL, NULL, NULL),
(68, NULL, NULL, '1', '1', 3, 12, '2021-04-21 18:51:46', '2021-04-21 18:51:46', '2021-04-21 18:57:18', NULL, NULL, NULL),
(69, NULL, NULL, '1', '1', 4, 12, '2021-04-21 18:51:46', '2021-04-21 18:51:46', '2021-04-21 18:57:18', NULL, NULL, NULL),
(70, NULL, NULL, '50', '1', 5, 12, '2021-04-21 18:51:46', '2021-04-21 18:51:46', '2021-04-21 18:57:18', NULL, NULL, NULL),
(71, NULL, NULL, '1', '1', 6, 12, '2021-04-21 18:51:46', '2021-04-21 18:51:46', '2021-04-21 18:57:18', NULL, NULL, NULL),
(72, NULL, NULL, '1', '1', 1, 13, '2021-04-21 18:53:29', '2021-04-21 18:53:29', '2021-04-21 18:57:18', NULL, NULL, NULL),
(73, NULL, NULL, '0', '1', 2, 13, '2021-04-21 18:53:29', '2021-04-21 18:53:29', '2021-04-21 18:57:18', NULL, NULL, NULL),
(74, NULL, NULL, '1', '1', 3, 13, '2021-04-21 18:53:29', '2021-04-21 18:53:29', '2021-04-21 18:57:18', NULL, NULL, NULL),
(75, NULL, NULL, '0', '1', 4, 13, '2021-04-21 18:53:29', '2021-04-21 18:53:29', '2021-04-21 18:57:18', NULL, NULL, NULL),
(76, NULL, NULL, '100', '1', 5, 13, '2021-04-21 18:53:29', '2021-04-21 18:53:29', '2021-04-21 18:57:18', NULL, NULL, NULL),
(77, NULL, NULL, '1', '1', 6, 13, '2021-04-21 18:53:29', '2021-04-21 18:53:29', '2021-04-21 18:57:18', NULL, NULL, NULL);

--
-- Volcado de datos para la tabla `roles`
--

INSERT INTO `roles` (`id`, `name`, `descrip`, `status`, `created_at`, `updated_at`, `deleted_at`, `created_by`, `updated_by`, `deleted_by`) VALUES
(1, 'admin', 'administrador', '1', '2021-03-09 21:13:03', '2021-03-09 21:13:03', NULL, NULL, NULL, NULL),
(2, 'monitor', 'Monitor de Rutas', '1', '2021-03-09 21:13:22', '2021-03-09 21:13:22', NULL, NULL, NULL, NULL),
(3, 'superAdmin', 'super Admininistrador', '1', NULL, NULL, NULL, NULL, NULL, NULL),
(4, 'Secretaria', 'Personal en oficina', '1', '2021-04-18 03:45:40', '2021-04-18 03:45:40', NULL, NULL, NULL, NULL),
(5, 'Recolector', 'Trabajo de recolección de lodos', '1', '2021-04-18 03:55:29', '2021-04-18 03:55:29', NULL, NULL, NULL, NULL),
(6, 'Técnico', 'Personal técnico', '1', '2021-04-18 22:10:44', '2021-04-18 22:10:44', NULL, NULL, NULL, NULL);

--
-- Volcado de datos para la tabla `rutas`
--

INSERT INTO `rutas` (`id`, `name`, `descrip`, `status`, `usuarios_id`, `created_at`, `updated_at`, `deleted_at`, `created_by`, `updated_by`, `deleted_by`) VALUES
(1, 'Ruta 1', 'Lunes', '1', 1, '2021-04-16 16:48:46', '2021-04-22 11:32:01', NULL, NULL, NULL, NULL),
(2, 'Ruta 2', 'Martes', '1', 1, '2021-04-21 17:32:54', '2021-04-22 11:32:17', NULL, NULL, NULL, NULL),
(3, 'Ruta 3', 'Miercoles', '1', 1, '2021-04-22 11:32:37', '2021-04-22 16:55:46', NULL, NULL, NULL, NULL),
(4, 'Ruta 4', 'Jueves', '1', 1, '2021-04-22 11:32:58', '2021-04-22 16:56:42', NULL, NULL, NULL, NULL),
(5, 'Ruta 5', 'Jueves', '1', 1, '2021-04-22 11:33:12', '2021-04-22 16:56:29', NULL, NULL, NULL, NULL),
(6, 'Ruta 6', 'Viernes', '1', 1, '2021-04-22 11:33:29', '2021-04-22 11:33:29', NULL, NULL, NULL, NULL);

--
-- Volcado de datos para la tabla `ruteos`
--

INSERT INTO `ruteos` (`id`, `fec_cerrado`, `fec_sincro`, `fec_verif`, `verif_id`, `semana`, `obs`, `gps_open`, `gps_close`, `open_id`, `close_id`, `estado`, `status`, `rutas_id`, `usuarios_id`, `created_at`, `updated_at`, `deleted_at`, `created_by`, `updated_by`, `deleted_by`) VALUES
(1, '2021-04-16 17:33:17', NULL, NULL, NULL, 0, NULL, 0x000000000101000000792c6cbc2abe31c0ae0caa0d4e984fc0, 0x0000000001010000002796a5e727be31c06d4b2e104e984fc0, 1, 1, '2', '1', 1, 1, '2021-04-16 17:25:36', '2021-04-21 18:40:08', '2021-04-21 18:40:08', NULL, NULL, NULL),
(2, '2021-04-21 10:20:12', NULL, NULL, NULL, 0, NULL, 0x0000000001010000007ec9c6832dbe31c0e8bcc62e51984fc0, 0x000000000101000000379902e32abe31c0373234434f984fc0, 1, 1, '2', '1', 1, 1, '2021-04-19 11:36:45', '2021-04-21 18:40:08', '2021-04-21 18:40:08', NULL, NULL, NULL),
(3, '2021-04-21 17:46:38', NULL, NULL, NULL, 0, 'Jjj', 0x00000000010100000087fa5dd89a5131c03b585aa1a39f4fc0, 0x00000000010100000087fa5dd89a5131c03b585aa1a39f4fc0, 1, 1, '2', '1', 2, 1, '2021-04-21 17:40:39', '2021-04-21 18:40:08', '2021-04-21 18:40:08', NULL, NULL, NULL),
(4, '2021-04-21 18:37:11', NULL, NULL, NULL, 0, 'llueve', 0x00000000010100000022ed35f39a5131c02f7c8ed9a39f4fc0, 0x00000000010100000075eb90f69a5131c000cadfbda39f4fc0, 1, 1, '2', '1', 1, 1, '2021-04-21 18:28:30', '2021-04-21 18:40:08', '2021-04-21 18:40:08', NULL, NULL, NULL),
(6, NULL, NULL, NULL, NULL, 0, 'llueve', 0x00000000010100000022ed35f39a5131c02f7c8ed9a39f4fc0, NULL, 1, NULL, '0', '1', 1, 1, '2021-04-21 18:28:58', '2021-04-21 18:35:25', '2021-04-21 18:35:25', NULL, NULL, NULL),
(7, '2021-04-21 18:51:57', NULL, NULL, NULL, 0, 'Ninguno', 0x00000000010100000022ed35f39a5131c0be3676e4a39f4fc0, 0x00000000010100000022ed35f39a5131c0be3676e4a39f4fc0, 1, 1, '2', '1', 1, 1, '2021-04-21 18:49:15', '2021-04-21 18:57:18', '2021-04-21 18:57:18', NULL, NULL, NULL),
(8, '2021-04-21 18:53:39', NULL, NULL, NULL, 0, 'Ee', 0x00000000010100000022ed35f39a5131c0be3676e4a39f4fc0, 0x00000000010100000022ed35f39a5131c0be3676e4a39f4fc0, 1, 1, '2', '1', 2, 1, '2021-04-21 18:53:10', '2021-04-21 18:57:18', '2021-04-21 18:57:18', NULL, NULL, NULL),
(9, NULL, NULL, NULL, NULL, 0, 'Ninguno', 0x00000000010100000075eb90f69a5131c000cadfbda39f4fc0, NULL, 1, NULL, '0', '1', 1, 1, '2021-04-22 18:58:04', '2021-04-28 19:23:19', '2021-04-28 19:23:19', NULL, NULL, NULL),
(10, NULL, NULL, NULL, NULL, 0, 'Ninguna', 0x000000000101000000a56f2dee9a5131c0f491efada39f4fc0, NULL, 1, NULL, '0', '1', 1, 1, '2021-04-28 20:32:36', '2021-04-28 22:34:15', NULL, NULL, NULL, NULL);

--
-- Volcado de datos para la tabla `servicios`
--

INSERT INTO `servicios` (`id`, `name`, `obs`, `cant`, `status`, `created_at`, `updated_at`, `deleted_at`, `created_by`, `updated_by`, `deleted_by`) VALUES
(1, 'Recojo tacho móvil', NULL, '1', '1', '2021-04-16 17:07:38', '2021-04-16 17:07:38', NULL, NULL, NULL, NULL),
(2, 'Material Secante', NULL, '1', '1', '2021-04-16 17:09:51', '2021-04-16 17:09:51', NULL, NULL, NULL, NULL),
(3, 'Reparación ducha', NULL, NULL, '1', '2021-04-16 17:10:24', '2021-04-22 16:50:26', NULL, NULL, NULL, NULL),
(4, 'Arreglo Urinario', NULL, NULL, '1', '2021-04-22 16:39:56', '2021-04-22 16:39:56', NULL, NULL, NULL, NULL),
(5, 'Arreglo de tapa de cámara solar', NULL, NULL, '1', '2021-04-22 16:40:27', '2021-04-22 16:40:27', NULL, NULL, NULL, NULL),
(6, 'Limpiesa de doble cámara', 'Cantidad de tacho que se recoge de la doble camara', '1', '1', '2021-04-22 16:53:30', '2021-04-22 16:54:56', NULL, NULL, NULL, NULL),
(7, 'Destranque urinario del inodoro', NULL, NULL, '1', '2021-04-22 16:54:10', '2021-04-22 16:54:10', NULL, NULL, NULL, NULL);

--
-- Volcado de datos para la tabla `sesion_familiares`
--

INSERT INTO `sesion_familiares` (`id`, `fecha`, `contenido`, `hallazgos`, `alertas`, `acciones`, `nparticipantes`, `status`, `created_by`, `updated_by`, `deleted_by`, `beneficiario_id`, `created_at`, `updated_at`, `deleted_at`) VALUES
(1, '2021-05-05 00:00:00', '1', '1', '1', '1', 1, '1', 3, 3, NULL, 174, '2021-05-04 14:10:08', '2021-05-04 14:20:50', NULL);

--
-- Volcado de datos para la tabla `solicitud_servicios`
--

INSERT INTO `solicitud_servicios` (`id`, `usuarios_id_1`, `fecha_1`, `usuarios_id_2`, `fecha_2`, `usuarios_id_3`, `fecha_3`, `usuarios_id_4`, `fecha_4`, `usuarios_id_5`, `fecha_5`, `usuarios_id_6`, `fecha_6`, `cant`, `estado`, `status`, `servicios_id`, `beneficiarios_id`, `evaluaciones_id`, `created_at`, `updated_at`, `deleted_at`, `created_by`, `updated_by`, `deleted_by`) VALUES
(1, 4, '2021-04-16 17:12:49', NULL, NULL, NULL, NULL, NULL, NULL, NULL, NULL, NULL, NULL, 6, '0', '1', 1, 1, NULL, '2021-04-16 17:12:49', '2021-04-16 17:12:49', NULL, NULL, NULL, NULL),
(2, 4, '2021-04-16 17:12:49', NULL, NULL, NULL, NULL, NULL, NULL, NULL, NULL, NULL, NULL, 2, '1', '1', 2, 1, NULL, '2021-04-16 17:12:49', '2021-04-21 18:45:39', NULL, NULL, NULL, NULL),
(3, 4, '2021-04-16 17:12:49', NULL, NULL, NULL, NULL, NULL, NULL, NULL, NULL, NULL, NULL, 1, '1', '1', 3, 1, NULL, '2021-04-16 17:12:49', '2021-04-21 18:45:51', NULL, NULL, NULL, NULL),
(4, 1, '2021-04-16 17:31:10', NULL, NULL, NULL, NULL, NULL, NULL, NULL, NULL, NULL, NULL, 1, '1', '1', 1, 1, 1, '2021-04-16 17:31:10', '2021-04-21 18:45:36', NULL, NULL, NULL, NULL),
(5, 1, '2021-04-16 17:31:10', NULL, NULL, NULL, NULL, NULL, NULL, NULL, NULL, NULL, NULL, 1, '1', '1', 2, 1, 1, '2021-04-16 17:31:10', '2021-04-21 18:45:30', NULL, NULL, NULL, NULL),
(6, 1, '2021-04-16 17:31:10', NULL, NULL, NULL, NULL, NULL, NULL, NULL, NULL, NULL, NULL, 1, '0', '1', 3, 1, 1, '2021-04-16 17:31:10', '2021-04-16 17:31:10', NULL, NULL, NULL, NULL),
(14, 1, '2021-04-21 10:19:14', NULL, NULL, NULL, NULL, NULL, NULL, NULL, NULL, NULL, NULL, 1, '0', '1', 1, 1, 7, '2021-04-21 10:19:14', '2021-04-21 18:41:22', NULL, NULL, NULL, NULL),
(15, 1, '2021-04-21 10:19:14', NULL, NULL, NULL, NULL, NULL, NULL, NULL, NULL, NULL, NULL, 1, '0', '1', 2, 1, 7, '2021-04-21 10:19:14', '2021-04-22 11:24:00', NULL, NULL, NULL, NULL),
(16, 1, '2021-04-21 10:19:14', NULL, NULL, NULL, NULL, NULL, NULL, NULL, NULL, NULL, NULL, 1, '3', '1', 3, 1, 7, '2021-04-21 10:19:14', '2021-04-21 18:48:19', NULL, NULL, NULL, NULL);

--
-- Volcado de datos para la tabla `tipo_banos`
--

INSERT INTO `tipo_banos` (`id`, `name`, `status`, `created_by`, `updated_by`, `deleted_by`, `created_at`, `updated_at`, `deleted_at`) VALUES
(1, 'Bano 1', '1', 3, NULL, NULL, '2021-05-03 15:29:05', '2021-05-03 15:29:05', NULL),
(2, 'Bano2', '1', 3, NULL, NULL, '2021-05-03 15:29:12', '2021-05-03 15:29:12', NULL);

--
-- Volcado de datos para la tabla `usuarios`
--

INSERT INTO `usuarios` (`id`, `name`, `email`, `pass`, `rolActivo`, `remember_token`, `status`, `created_at`, `updated_at`, `deleted_at`, `roles_id`, `created_by`, `updated_by`, `deleted_by`) VALUES
(1, 'mario', '2@2.com', 'f7c3bc1d808e04732adf679965ccc34ca7ae3441', 0, NULL, '1', '2021-03-09 21:15:04', '2021-04-01 19:16:03', NULL, 2, NULL, NULL, NULL),
(2, 'Tania andrea copa mendoza', '1@1.com', 'f7c3bc1d808e04732adf679965ccc34ca7ae3441', 0, NULL, '1', '2021-03-09 21:16:31', '2021-03-09 21:16:31', NULL, 2, NULL, NULL, NULL),
(3, 'Makroz', 'mk@mk.com', 'f7c3bc1d808e04732adf679965ccc34ca7ae3441', 0, NULL, '1', '2021-04-01 19:15:48', '2021-04-01 19:15:48', NULL, 3, NULL, NULL, NULL),
(4, 'Paul', 'Paul@paul.com', 'f7c3bc1d808e04732adf679965ccc34ca7ae3441', 0, NULL, '1', '2021-04-15 10:59:10', '2021-04-15 11:01:48', NULL, 3, NULL, NULL, NULL),
(5, 'PMonitor', 'pmonitor@cosmol.online', '123456789', 0, NULL, '1', '2021-04-16 16:30:19', '2021-04-16 23:36:10', NULL, 2, NULL, NULL, NULL),
(6, 'gina', 'gina@cosmol.online', 'a95308228169df20b6ac0fa1ac1602c3f5e3ce40', 0, NULL, '1', '2021-04-18 03:46:55', '2021-04-18 03:46:55', NULL, 4, NULL, NULL, NULL),
(7, 'Henry Alvarado', 'henry@cosmol.online', 'eef1d446588b7b0a98cd0238e117d17afd969f31', 0, NULL, '1', '2021-04-18 03:52:28', '2021-04-18 03:52:28', NULL, 3, NULL, NULL, NULL),
(8, 'Mauricio Ortuño', 'mauricio@cosmol.online', '123456789', 0, NULL, '1', '2021-04-18 03:53:07', '2021-04-28 22:39:21', NULL, 2, NULL, NULL, NULL),
(9, 'Marilin Llanque', 'marilin@cosmol.online', 'e4bccb5a824efae9e4cc2d86b4ea701f0f346033', 0, NULL, '1', '2021-04-18 03:54:00', '2021-04-18 03:54:00', NULL, 1, NULL, NULL, NULL),
(10, 'Darwin Barba Montaño', 'darwin@cosmol.online', 'c9cfce1c9c0f554b1abe9ce1529a739f12bb3893', 0, NULL, '1', '2021-04-18 03:58:20', '2021-04-18 03:58:20', NULL, 5, NULL, NULL, NULL),
(11, 'Santos Sebastian Espinoza Murga', 'sebastian@cosmol.online', 'e4d96addc0d3af2bdbaf6b2eb65c7c66f511ae5a', 0, NULL, '1', '2021-04-18 03:59:10', '2021-04-18 03:59:10', NULL, 5, NULL, NULL, NULL),
(12, 'Mario Alberto Moreno Campos', 'mario@cosmol.online', '8c18a9130eb7ac51f9db30993e36c54e4f3cd735', 0, NULL, '1', '2021-04-18 22:20:36', '2021-04-18 22:20:36', NULL, 6, NULL, NULL, NULL),
(13, 'Javier Senzano Baldivia', 'javier@cosmol.online', 'e1cbb0b98a8f4c48f324fcd4ca8ac9e6209e85fd', 0, NULL, '1', '2021-04-18 22:21:11', '2021-04-18 22:21:11', NULL, 6, NULL, NULL, NULL),
(14, 'Ricardo Suarez', 'ricardo@cosmol.online', 'e4c9bcfd6ad3cdc2ee8fe24da5dd549c4d4f148e', 0, NULL, '1', '2021-04-18 22:21:57', '2021-04-18 22:21:57', NULL, 2, NULL, NULL, NULL);

--
-- Volcado de datos para la tabla `usuarios_grupos`
--

INSERT INTO `usuarios_grupos` (`deleted_at`, `usuarios_id`, `grupos_id`) VALUES
(NULL, 3, 1),
(NULL, 2, 2),
(NULL, 5, 2),
(NULL, 1, 2),
(NULL, 8, 2);

--
-- Volcado de datos para la tabla `usuarios_permisos`
--

INSERT INTO `usuarios_permisos` (`valor`, `deleted_at`, `usuarios_id`, `permisos_id`) VALUES
(1, NULL, 1, 3),
(1, NULL, 1, 10),
(1, NULL, 1, 14),
(1, NULL, 1, 15),
(15, NULL, 1, 8),
(1, NULL, 1, 12),
(1, NULL, 1, 11),
(1, NULL, 1, 4),
(15, NULL, 1, 5),
(1, NULL, 1, 13),
(1, NULL, 1, 6),
(15, NULL, 1, 1),
(15, NULL, 1, 2),
(15, NULL, 1, 9),
(15, NULL, 1, 16),
(1, NULL, 1, 7),
(1, NULL, 8, 3),
(1, NULL, 8, 10),
(1, NULL, 8, 14),
(1, NULL, 8, 15),
(15, NULL, 8, 8),
(1, NULL, 8, 12),
(1, NULL, 8, 11),
(1, NULL, 8, 4),
(15, NULL, 8, 5),
(1, NULL, 8, 13),
(1, NULL, 8, 6),
(15, NULL, 8, 1),
(15, NULL, 8, 2),
(15, NULL, 8, 9),
(15, NULL, 8, 16),
(1, NULL, 8, 7);
SET FOREIGN_KEY_CHECKS=1;
COMMIT;
